"id","project_id","staff_id"
2,2,3
5,5,4
6,6,4
7,6,5
8,7,4
10,8,4
11,9,4
12,9,5
15,11,4
16,11,5
17,12,3
18,13,3
19,14,4
21,15,4
23,16,4
25,18,5
26,19,4
27,20,4
28,21,4
29,22,3
30,23,5
31,23,3
32,24,5
33,25,5
34,26,5
35,26,3
36,27,5
37,28,5
38,28,3
39,29,5
40,29,3
41,30,5
42,30,3
43,31,5
44,32,5
45,33,4
46,34,4
47,35,4
48,36,4
49,37,4
50,38,4
51,39,4
52,40,4
54,42,5
55,43,4
56,43,5
58,45,4
60,47,4
62,48,3
63,49,5
64,49,3
65,50,5
66,50,3
68,51,3
70,52,3
71,53,1
74,55,4
75,56,4
76,57,4
77,58,3
78,59,3
79,60,3
80,61,4
82,63,4
83,63,5
84,64,5
85,65,4
87,66,4
88,67,6
89,67,4
90,68,4
91,68,5
92,69,5
93,69,3
95,71,4
96,45,6
97,55,6
100,72,4
101,72,5
102,73,3
103,74,6
104,74,4
105,75,4
106,75,5
107,76,4
108,76,5
109,77,4
110,77,5
112,79,3
113,80,5
114,81,4
116,82,5
117,83,4
118,83,3
119,84,4
120,84,5
121,84,3
122,85,5
123,85,3
124,86,6
125,86,4
126,87,6
127,87,4
128,88,3
129,89,4
130,89,5
133,92,4
135,94,3
136,95,4
137,96,4
138,97,4
139,97,3
140,98,4
141,98,5
142,99,4
145,102,5
146,103,5
147,104,5
148,105,3
149,106,3
150,107,4
152,108,3
153,109,5
154,110,5
156,112,5
157,113,4
159,114,4
160,115,4
161,116,5
162,116,3
164,117,3
165,118,6
166,118,4
167,119,4
168,119,5
169,120,4
170,120,5
171,121,5
172,122,4
173,122,5
174,123,4
175,124,5
177,126,3
178,127,5
180,129,5
181,130,4
182,130,5
183,131,5
184,132,5
185,133,5
186,134,3
188,136,5
189,137,5
190,138,3
191,139,3
192,140,3
193,141,3
194,142,5
195,143,4
196,143,5
197,144,5
200,146,1
201,147,5
202,148,5
203,149,5
204,150,5
205,151,4
206,151,5
207,152,4
208,152,5
209,153,5
210,154,5
212,156,5
213,157,4
214,158,3
215,159,3
216,160,3
217,161,5
218,162,5
219,163,5
220,164,4
222,166,5
223,167,5
224,168,5
225,21,5
226,169,3
229,172,5
232,175,5
233,176,4
234,177,4
235,177,5
236,178,4
237,178,5
239,180,5
240,180,7
241,181,5
242,181,7
243,182,7
245,183,6
246,183,4
248,93,3
249,184,5
250,184,7
251,185,5
252,185,7
253,186,3
254,187,3
255,188,3
256,189,4
257,189,5
258,189,7
259,190,6
260,190,4
261,191,4
263,192,4
264,193,4
265,193,5
266,193,7
267,194,4
268,195,5
269,195,7
270,196,5
271,196,7
272,197,5
273,197,7
274,198,5
275,198,7
276,199,5
277,199,3
278,200,5
279,200,7
280,201,5
281,202,5
284,204,5
286,206,4
287,206,7
288,207,5
289,208,4
290,208,5
291,208,7
292,209,3
293,210,3
296,212,4
297,213,4
298,213,5
299,214,4
300,214,7
301,214,5
302,215,7
303,215,5
304,216,4
305,216,5
306,217,4
307,217,7
308,217,5
309,218,7
310,218,5
312,219,5
313,220,7
314,220,5
315,221,4
316,194,7
317,194,5
319,222,3
324,225,3
325,226,7
326,226,5
327,227,7
328,227,5
329,228,4
330,228,7
331,228,5
333,229,5
334,230,4
335,232,4
336,232,7
337,232,5
338,233,7
339,233,5
340,234,7
341,234,5
343,235,5
344,236,3
345,237,4
346,237,7
349,239,7
350,239,5
351,240,7
352,240,5
353,241,4
354,241,7
355,242,3
356,243,4
357,243,7
358,243,5
359,244,4
360,244,7
361,245,7
362,245,3
363,246,6
364,246,4
365,246,7
366,247,7
367,247,3
368,248,4
369,248,7
370,249,7
371,249,3
372,250,7
373,250,3
374,251,7
375,251,3
376,252,7
377,252,3
378,253,7
379,253,3
380,62,6
382,254,4
383,255,6
384,255,4
386,256,4
391,258,4
392,258,3
394,259,4
395,259,7
396,259,5
397,260,7
398,260,3
399,261,4
401,262,4
402,262,7
403,262,5
404,263,4
407,264,4
408,265,7
409,265,3
410,266,7
411,267,4
412,267,5
413,268,7
414,268,3
415,269,7
416,270,7
417,271,7
418,272,4
419,273,4
420,273,7
422,274,7
423,274,3
424,275,4
425,275,5
426,276,7
427,277,4
429,278,3
431,279,7
433,280,3
434,281,4
435,281,7
436,281,5
437,282,8
438,283,4
439,283,5
440,284,4
441,284,7
442,278,5
443,285,4
444,285,7
445,286,6
447,288,4
448,288,7
449,288,3
450,289,4
451,289,7
452,289,3
453,290,9
454,291,9
455,292,4
457,294,9
458,295,7
459,295,3
460,296,5
461,297,7
462,297,3
463,298,10
464,298,4
465,299,7
466,300,7
467,300,3
468,301,7
469,301,3
470,302,9
471,303,4
472,304,4
473,304,6
474,305,9
475,306,6
476,306,4
483,310,4
496,313,4
498,314,3
499,315,10
500,315,4
501,315,3
502,316,6
503,316,4
504,316,7
505,317,6
506,317,4
508,318,6
509,318,4
511,319,6
512,319,4
513,319,7
514,320,6
515,320,4
517,321,6
518,321,4
520,322,6
521,322,4
523,323,6
524,323,4
526,324,6
527,324,4
529,325,6
530,325,4
532,326,7
533,326,5
534,326,3
535,327,3
536,33,6
537,328,4
538,328,7
539,328,5
540,329,4
541,330,4
549,334,4
550,335,9
551,335,7
553,337,7
554,337,3
555,338,4
556,339,9
557,340,7
559,341,7
560,341,5
561,342,7
562,342,5
563,343,7
564,343,5
565,344,7
566,345,10
567,345,4
568,346,7
569,347,9
570,348,4
572,349,4
573,350,10
575,351,4
576,352,10
577,352,4
580,354,4
581,355,10
582,356,10
583,356,4
584,357,10
586,359,10
587,359,4
593,363,10
594,363,4
595,364,10
596,364,4
597,365,10
598,365,4
600,367,10
601,367,4
602,368,10
603,368,4
604,369,10
605,369,4
607,370,4
608,371,10
609,371,4
610,372,10
611,372,4
612,373,10
613,373,4
614,374,10
615,374,4
617,375,4
619,376,4
620,377,10
621,377,4
623,378,4
624,379,10
625,379,4
626,380,10
627,380,4
633,384,10
634,384,4
636,385,4
638,386,4
639,350,4
640,353,4
641,355,4
642,357,4
643,358,4
644,362,4
645,366,4
646,381,4
647,387,7
649,388,7
650,389,7
651,389,5
652,388,5
653,343,9
654,390,10
655,390,4
656,391,10
657,392,10
658,392,4
659,393,7
660,393,5
661,393,3
662,394,7
663,394,5
667,396,10
668,396,4
669,397,10
670,397,4
671,398,10
672,398,4
673,399,10
674,399,4
675,399,3
676,400,7
677,400,5
678,401,9
679,402,3
680,403,9
682,404,4
684,406,3
686,408,9
687,408,7
689,409,3
690,410,7
691,410,3
692,411,7
693,411,3
695,412,4
696,412,8
697,310,10
698,413,7
699,414,7
700,415,9
701,416,3
702,416,8
707,417,7
708,417,5
709,418,4
710,419,9
711,418,7
712,420,7
713,420,9
716,422,3
717,423,7
718,423,9
719,424,4
720,425,7
721,425,5
722,426,7
723,426,5
724,427,7
725,427,5
726,428,9
727,429,6
728,429,4
730,431,7
731,431,9
732,432,7
733,432,9
734,433,7
735,433,9
736,434,10
737,434,4
738,435,9
739,436,10
740,436,4
742,437,10
743,437,4
744,437,7
746,439,10
755,439,4
756,439,7
757,442,10
760,445,10
761,445,4
762,445,7
766,447,10
767,447,4
768,447,7
769,448,6
771,448,4
772,449,4
773,450,6
774,450,12
775,450,4
776,451,4
777,451,7
778,452,6
779,452,12
780,452,4
784,454,6
786,454,4
787,455,6
789,455,4
790,456,6
791,456,12
792,456,4
793,457,6
795,457,4
796,458,6
798,458,4
799,459,6
800,459,12
801,459,4
802,460,6
803,460,12
804,460,4
805,461,6
807,461,4
808,462,6
809,462,12
810,462,4
811,463,6
812,463,12
813,463,4
814,464,6
815,464,12
816,464,4
817,465,6
818,465,12
819,465,4
820,466,6
822,466,4
823,467,6
824,467,12
825,467,4
826,468,6
827,468,12
828,468,4
829,469,6
831,469,4
832,470,6
834,470,4
838,472,6
839,472,12
840,472,4
841,473,6
842,473,12
843,473,4
844,474,6
845,474,12
846,474,4
847,475,6
849,475,4
850,476,6
851,476,12
852,476,4
853,477,6
854,477,12
855,477,4
856,478,6
858,478,4
859,479,6
861,479,4
865,481,6
866,481,12
867,481,4
868,482,6
869,482,12
870,482,4
871,483,6
872,483,12
873,483,4
874,484,6
875,484,12
876,484,4
877,485,6
878,485,12
879,485,4
880,486,6
881,486,12
882,486,4
883,487,6
884,487,12
885,487,4
901,493,7
911,497,6
912,497,12
913,497,4
914,498,6
915,498,12
916,498,4
917,499,6
918,499,12
919,499,4
920,500,7
921,500,9
922,501,10
923,501,4
925,503,6
926,503,4
927,504,7
928,504,3
931,506,9
932,506,7
933,507,3
934,508,5
938,512,7
939,513,7
940,513,3
941,514,7
942,515,10
943,515,4
945,517,6
946,517,4
947,518,6
948,518,12
949,518,4
950,519,6
951,519,12
952,519,4
959,522,6
960,522,12
961,522,4
962,523,6
963,523,12
964,523,4
965,524,6
966,524,12
967,524,4
968,525,6
969,525,12
970,525,4
971,526,6
972,526,12
973,526,4
974,512,9
975,527,5
976,528,10
977,528,4
978,529,10
979,530,4
980,530,7
983,532,4
985,533,4
986,533,7
987,534,4
988,534,7
989,534,5
990,535,3
991,536,4
992,537,4
994,538,10
995,538,4
996,538,3
997,539,3
998,540,7
999,540,3
1000,541,4
1001,541,3
1002,542,9
1003,542,7
1006,544,7
1007,544,5
1008,545,9
1009,545,7
1010,415,7
1011,546,4
1012,546,7
1013,547,4
1014,547,7
1015,547,5
1016,548,3
1017,549,7
1019,551,4
1020,551,7
1021,552,7
1022,553,7
1023,554,7
1024,555,7
1025,556,7
1026,557,7
1027,558,7
1028,559,7
1029,560,7
1030,561,7
1031,562,7
1032,563,7
1033,564,7
1034,565,7
1035,566,6
1036,566,4
1037,567,7
1038,568,7
1041,569,7
1044,570,7
1046,570,3
1047,571,7
1048,571,5
1049,572,7
1051,572,3
1052,573,7
1054,574,9
1055,574,7
1057,575,3
1060,577,3
1062,578,9
1063,579,9
1064,580,3
1065,581,4
1066,582,7
1067,582,5
1068,583,10
1069,583,5
1070,583,3
1071,584,4
1072,585,9
1073,585,7
1074,579,7
1075,586,7
1076,587,4
1077,588,6
1078,588,4
1079,589,9
1080,590,7
1081,591,7
1082,591,5
1083,592,4
1084,592,7
1085,592,5
1086,593,4
1087,593,7
1088,594,7
1089,594,3
1090,595,7
1091,595,5
1092,596,7
1093,596,9
1094,597,4
1095,597,5
1096,598,4
1097,598,7
1098,598,5
1099,599,9
1100,600,9
1101,601,7
1102,601,9
1103,602,9
1104,599,7
1105,603,7
1106,603,5
1107,604,7
1109,605,10
1110,605,4
1111,606,4
1112,606,7
1114,608,9
1117,610,4
1119,611,4
1121,612,4
1123,613,4
1124,614,10
1125,614,4
1127,615,4
1130,617,10
1131,617,4
1132,618,10
1133,618,4
1134,619,10
1135,619,4
1136,620,9
1137,621,9
1138,621,8
1139,622,10
1140,622,4
1141,622,7
1142,623,7
1143,623,5
1144,624,7
1146,625,4
1148,625,10
1150,626,12
1151,626,5
1152,627,4
1153,628,7
1154,628,5
1155,629,10
1156,630,5
1157,631,10
1158,632,13
1160,633,4
1161,634,10
1162,634,4
1164,636,3
1165,637,7
1166,638,12
1169,639,3
1170,640,7
1171,640,3
1172,641,7
1173,642,7
1174,643,7
1175,644,7
1176,645,7
1177,646,7
1178,647,7
1179,648,7
1181,649,5
1182,650,7
1183,651,7
1184,651,3
1185,652,8
1186,653,9
1187,653,7
1188,653,8
1190,654,8
1191,655,5
1192,656,7
1193,657,7
1194,658,7
1195,659,4
1196,659,7
1197,659,5
1198,660,6
1199,660,4
1200,661,7
1201,662,6
1202,662,4
1203,663,6
1204,663,4
1206,664,4
1207,665,10
1208,665,4
1209,666,7
1210,666,5
1211,667,12
1212,667,10
1213,667,3
1214,668,7
1215,668,3
1216,669,9
1217,669,7
1218,600,12
1219,670,4
1220,671,9
1221,672,7
1222,672,5
1223,664,6
1224,673,10
1225,674,7
1226,675,7
1228,676,7
1229,676,5
1230,677,7
1231,677,5
1232,679,10
1233,679,4
1234,680,10
1235,680,4
1236,680,8
1237,681,4
1238,681,8
1239,682,10
1240,683,10
1241,684,7
1242,684,5
1243,685,10
1244,685,4
1245,685,3
1246,686,3
1247,687,3
1248,688,3
1249,689,10
1250,689,4
1251,689,5
1254,691,13
1255,692,12
1256,692,7
1257,693,7
1258,694,9
1259,695,7
1260,696,4
1261,696,7
1262,697,10
1263,698,7
1264,698,9
1265,699,10
1266,699,4
1267,700,5
1268,701,9
1269,702,10
1270,703,7
1271,703,5
1272,704,7
1273,704,5
1274,705,7
1277,707,10
1278,707,4
1279,708,5
1280,708,3
1281,709,5
1282,710,5
1284,712,4
1285,712,8
1286,713,7
1287,713,5
1288,714,4
1289,714,5
1290,715,7
1291,715,3
1292,716,6
1293,716,4
1294,717,6
1295,717,4
1296,718,6
1297,718,4
1298,719,6
1299,719,4
1300,720,6
1301,720,4
1302,721,6
1303,721,4
1304,722,6
1305,722,4
1306,723,6
1307,723,4
1308,724,6
1309,724,4
1310,725,10
1311,725,4
1314,727,10
1315,727,4
1316,728,10
1317,728,4
1318,729,10
1319,729,4
1320,730,10
1321,730,4
1324,732,10
1325,732,4
1326,733,10
1327,733,4
1328,734,10
1329,734,4
1332,736,7
1335,738,10
1336,738,4
1337,739,10
1338,739,4
1339,740,10
1340,740,4
1345,744,10
1346,745,10
1347,745,4
1348,746,10
1349,746,4
1352,744,4
1355,748,10
1356,748,4
1357,749,6
1358,749,4
1359,750,6
1360,750,4
1361,751,10
1362,751,3
1363,752,9
1364,753,7
1365,754,7
1366,755,7
1367,756,6
1368,756,4
1370,757,4
1371,758,10
1372,759,7
1375,761,7
1376,762,9
1378,763,4
1379,763,6
1381,765,12
1382,765,4
1383,766,12
1384,767,12
1385,768,12
1386,211,12
1387,769,12
1388,770,7
1389,770,3
1390,771,4
1392,772,7
1394,774,7
1395,775,7
1396,776,10
1397,777,9
1398,778,7
1399,779,7
1400,780,10
1402,782,10
1403,783,7
1404,783,3
1406,784,7
1407,785,7
1408,786,7
1409,787,7
1410,788,7
1411,789,7
1412,789,3
1413,790,7
1414,790,3
1415,791,7
1416,792,10
1417,793,7
1418,793,3
1419,794,7
1420,794,3
1421,795,9
1422,796,7
1423,796,3
1424,797,7
1425,798,12
1426,799,12
1427,800,7
1428,801,4
1429,801,6
1430,802,7
1431,803,12
1433,804,9
1434,805,9
1435,806,6
1437,807,7
1439,808,12
1440,808,3
1441,809,3
1442,810,9
1443,811,9
1445,813,10
1446,813,4
1447,814,4
1449,815,3
1450,815,12
1451,816,10
1452,128,6
1453,128,12
1454,817,12
1455,817,8
1456,818,4
1457,818,6
1458,819,7
1461,821,10
1462,821,4
1463,822,10
1464,822,4
1467,824,10
1468,824,4
1471,826,12
1472,827,10
1473,828,10
1474,828,4
1475,828,6
1477,829,4
1478,829,6
1479,830,6
1480,830,4
1481,831,7
1482,831,3
1483,832,10
1485,834,10
1486,835,10
1487,836,10
1488,837,7
1489,838,4
1490,838,7
1491,839,9
1492,840,9
1493,841,10
1494,842,6
1495,842,4
1498,844,10
1499,844,4
1501,845,14
1503,846,13
1504,846,12
1505,846,10
1506,846,4
1507,847,13
1508,847,10
1509,847,4
1510,848,13
1511,848,10
1512,848,4
1513,849,13
1514,849,10
1515,849,4
1516,850,13
1517,850,10
1518,850,4
1519,851,13
1520,851,10
1521,851,4
1525,853,13
1526,853,10
1527,853,4
1531,855,13
1532,855,10
1533,855,4
1537,857,13
1538,857,10
1539,857,4
1540,858,13
1541,858,10
1542,858,4
1543,859,13
1544,860,13
1545,860,10
1546,860,4
1547,861,13
1548,861,10
1549,861,4
1550,862,13
1551,862,10
1552,862,4
1559,865,6
1560,865,4
1561,866,6
1562,866,4
1565,868,6
1566,868,4
1567,869,4
1568,870,10
1569,870,4
1570,871,13
1571,871,12
1572,871,10
1573,872,7
1574,873,10
1575,874,10
1576,875,13
1577,875,10
1578,876,4
1580,876,6
1581,876,14
1583,877,7
1584,878,6
1586,879,10
1587,879,4
1588,880,6
1589,880,4
1592,881,6
1595,883,6
1596,883,4
1597,884,6
1598,884,4
1599,885,6
1600,885,4
1602,886,10
1603,887,10
1604,888,6
1605,888,4
1606,889,6
1607,889,4
1610,891,6
1611,891,4
1614,893,6
1615,893,4
1616,894,6
1617,894,4
1618,895,12
1619,895,7
1620,896,12
1621,896,7
1622,899,4
1623,899,7
1624,902,4
1625,902,9
1628,971,13
1629,971,4
1630,764,12
1632,973,8
1633,974,7
1634,975,9
1635,976,14
1636,976,12
1637,976,7
1638,976,3
1639,977,9
1640,978,9
1641,979,7
1642,980,10
1643,981,9
1644,982,12
1647,985,7
1650,987,12
1652,987,3
1656,989,8
1657,990,4
1658,990,7
1659,991,12
1660,991,3
1666,994,6
1667,994,10
1668,994,4
1669,995,6
1670,995,10
1671,995,4
1672,996,6
1673,996,10
1674,996,4
1675,997,6
1676,997,10
1677,997,4
1678,998,6
1679,998,10
1680,998,4
1681,999,4
1682,1000,12
1683,1001,4
1684,1002,10
1685,1002,4
1686,1003,12
1687,1004,12
1688,1005,10
1689,1005,7
1692,1008,9
1693,1009,9
1694,1009,7
1695,1010,10
1696,1011,7
1697,1011,9
1716,1018,4
1717,1018,10
1718,1018,12
1719,1019,4
1720,1019,10
1721,1019,12
1722,1020,4
1723,1020,10
1724,1020,12
1725,1021,4
1726,1021,10
1727,1021,12
1728,1022,4
1729,1022,10
1730,1022,12
1731,1023,4
1732,1023,10
1733,1023,12
1734,1024,4
1735,1024,10
1736,1024,12
1737,1025,4
1738,1025,10
1739,1025,12
1740,1026,4
1741,1026,10
1742,1026,12
1743,1027,4
1744,1027,10
1745,1027,12
1746,1028,4
1747,1028,10
1748,1028,12
1749,1029,4
1750,1029,10
1751,1029,12
1752,1030,4
1753,1030,10
1754,1030,12
1755,1031,4
1756,1031,10
1757,1031,12
1758,1032,4
1759,1032,10
1760,1032,12
1761,1033,4
1762,1033,10
1763,1033,12
1764,1034,4
1765,1034,10
1766,1034,12
1767,1035,4
1768,1035,10
1769,1035,12
1770,1036,4
1771,1036,10
1772,1036,12
1776,1038,4
1777,1038,10
1778,1038,12
1779,1039,4
1780,1039,10
1781,1039,12
1782,1040,4
1783,1040,10
1784,1040,12
1785,1041,4
1786,1041,10
1787,1041,12
1788,1042,4
1789,1042,10
1790,1042,12
1791,1043,4
1792,1043,10
1793,1043,12
1794,1044,4
1795,1044,10
1796,1044,12
1797,1045,4
1798,1045,10
1799,1045,12
1800,1046,4
1801,1046,10
1802,1046,12
1806,1048,4
1807,1048,10
1808,1048,12
1812,1050,4
1813,1050,10
1814,1050,12
1815,1051,4
1816,1051,10
1817,1051,12
1818,1052,4
1819,1052,10
1820,1052,12
1821,1053,4
1822,1053,10
1823,1053,12
1824,1054,4
1825,1054,10
1826,1054,12
1827,1055,4
1828,1055,10
1829,1055,12
1830,1056,4
1831,1056,10
1832,1056,12
1839,1059,4
1840,1059,10
1841,1059,12
1842,1060,4
1843,1060,10
1844,1060,12
1848,1062,4
1849,1062,10
1850,1062,12
1851,1063,4
1852,1063,10
1853,1063,12
1854,1064,4
1855,1064,10
1856,1064,12
1857,1065,4
1858,1065,10
1859,1065,12
1860,1066,4
1861,1066,10
1862,1066,12
1863,1067,4
1864,1067,10
1865,1067,12
1866,1068,4
1867,1068,10
1868,1068,12
1869,1069,4
1870,1069,10
1871,1069,12
1872,1070,4
1873,1070,10
1874,1070,12
1875,1071,4
1876,1071,10
1877,1071,12
1878,1072,4
1879,1072,10
1880,1072,12
1884,1074,4
1885,1074,10
1886,1074,12
1887,1075,4
1888,1075,10
1889,1075,12
1890,1076,4
1891,1076,10
1892,1076,12
1893,1077,4
1894,1077,10
1895,1077,12
1896,1078,4
1897,1078,10
1898,1078,12
1899,1079,4
1900,1079,10
1901,1079,12
1902,1080,4
1903,1080,10
1904,1080,12
1905,1081,4
1906,1081,10
1907,1081,12
1908,1082,4
1909,1082,10
1910,1082,12
1911,1083,4
1912,1083,10
1913,1083,12
1917,1085,4
1918,1085,10
1919,1085,12
1920,1086,4
1921,1086,10
1922,1086,12
1923,1087,4
1924,1087,10
1925,1087,12
1926,1088,4
1927,1088,10
1928,1088,12
1929,1089,4
1930,1089,10
1931,1089,12
1935,1091,4
1936,1091,10
1937,1091,12
1938,1092,4
1939,1092,10
1940,1092,12
1941,1093,4
1942,1093,10
1943,1093,12
1944,1094,4
1945,1094,10
1946,1094,12
1947,1095,4
1948,1095,10
1949,1095,12
1950,1096,4
1951,1096,10
1952,1096,12
1953,1097,4
1954,1097,10
1955,1097,12
1956,1098,4
1957,1098,10
1958,1098,12
1959,1099,4
1960,1099,10
1961,1099,12
1962,1100,4
1963,1100,10
1964,1100,12
1965,1101,12
1966,1102,9
1967,1102,7
1968,1103,9
1969,1104,9
1970,1105,7
1971,1106,7
1972,1107,7
1973,1108,4
1974,1108,6
1975,1108,8
1976,1109,4
1977,1109,6
1978,1109,8
1979,1110,12
1981,1112,7
1982,1113,12
1983,1114,7
1984,1114,9
1985,1115,7
1986,1115,9
1988,1116,8
1989,1117,12
1990,1118,7
1991,1118,9
1992,1119,8
1993,1120,10
1994,1120,4
1995,1121,10
1996,1121,4
1997,1122,10
1998,1122,4
2001,1124,10
2002,1124,4
2003,1125,10
2004,1125,4
2005,1126,10
2006,1126,4
2009,1128,6
2010,1128,4
2011,1129,6
2012,1129,4
2013,1130,9
2014,1131,10
2015,1132,6
2016,1132,4
2017,1133,6
2018,1133,4
2019,1134,6
2020,1134,4
2021,1135,10
2022,1135,4
2023,1135,6
2024,1136,6
2025,1136,4
2026,1137,9
2027,1137,7
2028,1138,9
2029,1139,9
2030,1139,7
2035,1142,9
2036,1142,7
2037,1143,7
2038,1143,9
2039,1144,6
2040,1144,4
2042,1146,10
2043,1147,9
2044,1148,7
2045,1148,9
2046,1149,7
2047,1149,9
2048,1150,7
2049,1150,9
2050,1151,7
2051,1151,9
2052,1152,7
2053,1152,3
2054,1153,7
2055,1153,8
2056,1154,12
2057,1154,8
2059,1156,6
2060,1156,4
2061,1157,6
2063,1158,9
2065,1159,4
2066,1159,8
2067,1160,7
2068,1161,7
2069,1161,8
2070,1162,7
2071,1162,9
2072,1163,12
2073,1164,12
2074,1165,10
2075,1166,10
2076,1167,10
2077,1168,10
2078,1169,7
2079,1170,4
2080,1171,12
2081,1171,10
2082,1172,12
2083,1172,8
2084,1173,7
2085,1173,9
2086,1174,7
2087,1175,12
2090,1176,15
2091,1177,12
2092,1178,6
2093,1178,4
2094,1179,7
2095,1180,7
2096,1180,17
2097,1181,3
2098,1182,7
2099,1182,3
2110,1191,15
2111,1192,10
2112,1192,4
2113,1192,15
2114,1193,12
2115,1194,9
2116,1195,12
2117,1196,7
2118,1196,3
2119,1197,7
2120,1198,12
2121,1199,10
2122,1200,7
2127,1203,15
2130,1206,10
2131,1206,4
2132,1207,3
2133,1208,7
2134,1209,9
2135,1210,6
2136,1210,4
2137,1211,10
2138,1212,7
2139,1213,7
2140,1214,7
2141,1215,7
2142,1216,12
2143,1217,7
2144,1218,10
2145,1218,4
2148,1220,10
2149,1220,4
2150,1221,9
2151,1222,7
2152,1223,9
2153,1224,9
2154,1225,12
2155,1225,10
2156,1226,7
2157,1227,7
2158,1228,10
2159,1229,9
2160,1229,10
2162,1230,7
2163,1231,10
2166,1232,15
2167,1233,12
2168,1234,12
2169,1235,12
2170,1236,4
2174,1237,15
2176,1238,10
2177,1238,4
2178,1238,15
2181,1239,15
2188,1242,10
2189,1242,4
2190,1243,4
2191,1244,6
2193,1245,6
2194,1245,4
2195,1246,7
2196,1247,17
2197,1247,8
2198,1247,9
2200,1248,4
2201,1249,4
2203,1251,4
2204,1252,4
2205,1253,12
2206,1253,9
2207,1254,7
2208,1254,9
2209,1255,7
2210,1256,7
2211,1256,9
2213,1257,7
2214,1257,17
2215,1258,7
2216,1259,7
2217,1260,7
2218,1261,7
2219,1262,7
2220,1263,7
2221,1263,3
2222,1264,4
2223,1265,6
2224,1265,4
2225,1266,4
2226,1267,4
2227,1268,7
2228,1269,10
2229,1270,10
2230,1271,12
2231,1271,8
2232,1214,17
2233,1272,10
2234,1272,4
2235,1272,15
2236,1273,10
2237,1273,4
2238,1273,15
2241,1274,15
2242,1275,8
2243,1275,7
2244,1276,8
2245,1277,8
2246,1278,6
2247,1278,4
2250,1279,15
2251,1280,6
2252,1280,4
2253,1280,8
2254,1281,12
2255,1281,8
2256,1282,9
2257,1283,7
2258,1284,8
2259,1285,7
2260,1285,17
2261,1286,12
2263,1288,6
2264,1288,14
2266,1289,12
2267,1290,7
2268,1290,9
2269,1291,12
2270,1292,7
2271,1292,9
2272,1293,4
2273,1294,12
2274,1295,7
2275,1295,9
2276,1296,10
2277,1297,12
2279,1297,9
2280,1298,7
2281,1299,10
2282,1299,4
2283,1299,15
2286,1300,15
2289,1301,15
2290,1302,10
2291,1302,9
2292,1303,7
2293,1303,17
2294,1304,17
2297,1305,15
2298,1306,6
2299,1306,14
2300,1306,4
2301,1307,7
2302,1308,7
2306,1310,6
2307,1310,14
2308,1310,4
2309,1311,6
2310,1311,14
2311,1311,4
2312,1312,6
2313,1312,14
2314,1312,4
2315,1313,7
2316,1314,4
2317,1315,7
2318,1316,8
2319,1317,6
2320,1317,14
2321,1317,4
2322,1318,6
2323,1318,14
2324,1318,4
2325,1319,6
2326,1319,14
2327,1319,4
2328,1320,6
2329,1320,14
2330,1320,4
2331,1321,6
2332,1321,14
2333,1321,4
2337,1323,6
2338,1323,14
2339,1323,4
2340,1324,6
2341,1324,14
2342,1324,4
2343,1325,6
2344,1325,14
2345,1325,4
2348,1326,15
2349,1327,7
2350,1328,7
2351,1329,6
2352,1329,14
2353,1329,4
2354,1330,6
2355,1330,14
2356,1330,4
2357,1331,6
2358,1331,14
2359,1331,4
2360,1332,6
2361,1332,14
2362,1332,4
2363,1333,6
2364,1333,14
2365,1333,4
2366,1334,6
2367,1334,14
2368,1334,4
2369,1335,6
2370,1335,14
2371,1335,4
2372,1336,12
2373,1337,9
2374,1338,9
2375,1339,12
2376,1340,7
2377,1341,9
2378,1342,9
2379,1343,9
2380,1344,7
2381,1344,9
2383,1346,10
2384,1347,6
2385,1347,14
2386,1347,4
2387,1348,6
2388,1348,14
2389,1348,4
2390,1349,6
2391,1349,14
2392,1349,4
2393,1350,6
2394,1350,14
2395,1350,4
2396,1351,8
2397,1352,12
2398,1353,10
2399,1354,10
2400,1355,10
2401,1356,7
2402,1356,3
2403,1357,8
2404,1358,3
2405,1359,9
2406,1360,4
2407,1361,10
2408,1361,4
2409,1361,15
2410,1362,10
2411,1362,8
2413,1345,9
2414,1352,8
2415,1352,9
2418,1364,15
2419,1365,7
2420,1366,7
2421,1367,6
2422,1367,14
2423,1367,4
2424,1368,6
2425,1368,14
2426,1368,4
2427,1369,6
2428,1369,14
2429,1369,4
2430,1370,6
2431,1370,14
2432,1370,4
2433,1371,9
2434,1372,6
2435,1372,14
2436,1372,4
2437,1373,6
2438,1373,14
2439,1373,4
2440,1374,6
2441,1374,14
2442,1374,4
2443,1375,6
2444,1375,14
2445,1375,4
2446,1376,6
2447,1376,14
2448,1376,4
2449,1377,6
2450,1377,14
2451,1377,4
2452,1378,6
2453,1378,14
2454,1378,4
2455,1379,6
2456,1379,14
2457,1379,4
2458,1380,6
2459,1380,14
2461,1381,8
2462,1382,12
2463,1382,8
2464,1383,7
2465,1384,7
2466,1384,17
2467,1385,12
2468,1385,7
2469,1385,8
2470,1386,10
2472,1388,6
2474,1389,10
2475,1390,10
2476,1391,10
2477,1392,9
2478,1393,8
2479,1394,7
2480,1395,7
2481,1396,6
2482,1396,14
2483,1396,4
2484,1397,6
2485,1397,14
2486,1397,4
2490,1399,12
2491,1400,6
2492,1400,14
2493,1400,4
2494,1401,6
2495,1401,14
2496,1401,4
2497,1402,6
2498,1402,14
2499,1402,4
2500,1403,6
2501,1403,14
2502,1403,4
2503,1404,7
2504,1404,9
2505,1405,6
2506,1405,14
2507,1405,4
2508,1406,7
2509,1407,9
2510,1408,9
2511,1409,9
2512,1410,7
2513,1411,7
2514,1412,9
2515,1413,12
2516,1414,3
2519,1415,15
2520,1416,9
2521,1417,9
2522,1418,7
2523,1418,9
2524,1419,7
2525,1420,7
2526,1421,7
2527,1422,12
2530,1423,15
2531,1424,8
2532,1425,3
2533,1426,12
2534,1427,10
2535,1427,9
2536,1428,9
2538,1429,9
2539,1430,9
2542,1431,15
2543,1432,4
2544,1432,6
2545,1432,14
2546,1433,6
2547,1433,14
2548,1433,4
2549,1434,6
2550,1434,14
2551,1434,4
2552,1435,6
2553,1435,14
2554,1435,4
2555,1436,6
2556,1436,14
2557,1436,4
2558,1437,6
2559,1437,14
2560,1437,4
2561,1438,6
2562,1438,14
2563,1438,4
2564,1439,6
2565,1439,14
2566,1439,4
2567,1440,6
2568,1440,14
2569,1440,4
2570,1441,6
2571,1441,14
2572,1441,4
2573,1442,6
2574,1442,14
2575,1442,4
2576,1443,6
2577,1443,14
2578,1443,4
2579,1444,7
2580,1445,7
2581,1446,7
2582,1447,7
2583,1448,7
2584,1449,7
2585,1450,4
2586,1451,10
2587,1452,10
2588,1453,7
2589,1454,7
2590,1455,12
2593,1456,15
2595,812,15
2596,1457,6
2597,1457,14
2598,1457,4
2599,1458,12
2600,1459,12
2603,1460,15
2604,1461,4
2605,1461,6
2606,1462,4
2607,1462,6
2608,1462,14
2611,1463,15
2612,1464,9
2613,1465,9
2614,1466,7
2615,1467,7
2616,1468,7
2618,1470,7
2619,1470,9
2620,1471,12
2621,1472,12
2622,1473,7
2624,1475,10
2625,1476,7
2626,1476,9
2627,1477,10
2629,1478,9
2630,1479,12
2631,1479,9
2633,1481,9
2634,1482,7
2635,1483,8
2636,1484,7
2639,1485,15
2640,1486,7
2641,1486,9
2642,1487,9
2643,1487,10
2644,1488,9
2645,1489,9
2648,1490,15
2649,1491,19
2650,1492,9
2651,1493,6
2652,1493,14
2653,1493,4
2654,1494,6
2655,1494,14
2656,1494,4
2657,1495,6
2658,1495,14
2659,1495,4
2660,1496,6
2661,1496,14
2662,1496,4
2663,1497,6
2664,1497,14
2665,1497,4
2666,1498,6
2667,1498,14
2668,1498,4
2669,1499,6
2670,1499,14
2671,1499,4
2672,1500,6
2673,1500,14
2674,1500,4
2675,1501,6
2676,1501,14
2677,1501,4
2678,1502,6
2679,1502,14
2680,1502,4
2681,1503,6
2682,1503,14
2683,1503,4
2684,1504,12
2685,1505,7
2686,1506,12
2688,1508,7
2689,1509,7
2690,1510,7
2691,1511,7
2692,1512,7
2693,1513,7
2694,1514,7
2695,1515,7
2696,1516,7
2697,1517,7
2698,1518,7
2699,1519,7
2700,1520,9
2701,1521,7
2704,1522,15
2707,1523,15
2713,1525,15
2716,1526,15
2719,1527,15
2722,1528,15
2725,1529,15
2728,1530,15
2731,1531,15
2734,1532,15
2737,1533,15
2738,1534,9
2739,1535,6
2740,1535,14
2741,1535,4
2742,1536,6
2743,1536,14
2744,1536,4
2745,1537,6
2746,1537,14
2747,1537,4
2748,1538,6
2749,1538,14
2750,1538,4
2751,1539,6
2752,1539,14
2753,1539,4
2754,1540,6
2755,1540,14
2756,1540,4
2757,1541,6
2758,1541,14
2759,1541,4
2760,1542,6
2761,1542,14
2762,1542,4
2763,1543,6
2764,1543,14
2765,1543,4
2766,1544,6
2767,1544,14
2768,1544,4
2769,1545,9
2770,1546,7
2771,1547,17
2772,1548,9
2773,1549,6
2774,1549,14
2775,1549,4
2779,1551,15
2782,1552,15
2783,1553,9
2784,1554,4
2785,1555,10
2786,1556,12
2787,1557,10
2788,1558,9
2789,1559,10
2790,1560,9
2791,1561,12
2792,1562,9
2793,1563,12
2794,1563,7
2795,1564,12
2796,1565,4
2797,1565,6
2798,1565,14
2802,1567,4
2803,1568,4
2804,1569,9
2805,1570,6
2806,1570,4
2807,1571,7
2808,1572,7
2811,1574,8
2812,1575,8
2813,1576,12
2814,1577,10
2816,1579,9
2817,1580,12
2818,1581,9
2819,1582,7
2820,1583,10
2821,1584,12
2822,1584,7
2823,1585,10
2824,1586,9
2825,1587,9
2827,1588,7
2828,1589,7
2829,1590,12
2830,1591,7
2831,1592,10
2832,1593,7
2833,1594,7
2834,1595,7
2835,1596,7
2836,1597,7
2837,1598,8
2838,1599,7
2839,1600,8
2840,1601,7
2841,1601,17
2842,1578,17
2843,1578,7
2846,1602,15
2847,1603,10
2848,1603,9
2849,1604,9
2850,1605,7
2851,1605,17
2852,1606,10
2853,1607,10
2855,1609,20
2856,1609,6
2857,1609,14
2858,1609,4
2859,1610,7
2860,1610,9
2861,1611,7
2862,1612,7
2863,1613,4
2864,1614,4
2865,1615,7
2866,1615,9
2867,1616,20
2868,1616,6
2869,1616,14
2870,1616,4
2871,1617,7
2872,1618,7
2873,1619,20
2874,1619,6
2875,1619,14
2876,1619,4
2877,1620,6
2878,1620,14
2879,1620,4
2880,1621,7
2881,1622,7
2882,1623,12
2883,1624,12
2884,1625,7
2885,1625,9
2886,1626,10
2887,1627,7
2888,1627,9
2889,1628,9
2890,1629,7
2891,1629,9
2892,1630,7
2894,1631,7
2896,1632,10
2897,1479,10
2898,1633,7
2899,1387,12
2900,1634,15
2901,1634,8
2902,1635,8
2903,1636,8
2904,1637,7
2905,1637,9
2906,1638,9
2907,1639,10
2909,1639,4
2910,1640,4
2911,1640,9
2912,1641,4
2913,1641,9
2914,1642,4
2915,1642,9
2916,1643,4
2917,1643,9
2918,1631,4
2919,1644,4
2920,1644,9
2921,1645,9
2922,1646,3
2923,1646,9
2924,1647,3
2925,1647,9
2926,1648,4
2927,1648,7
2928,1649,8
2929,1650,8
2930,1651,10
2931,1411,8
2932,557,3
2933,1652,7
2934,1653,4
2935,1653,9
2936,1654,4
2937,1655,4
2938,1656,4
2939,1657,4
2940,1658,4
2941,1659,4
2942,1660,4
2943,1660,9
2944,1661,4
2949,1663,7
2950,1664,10
2951,1665,12
2952,1666,12
2953,113,7
2954,100,4
2955,111,4
2956,1667,4
2957,1668,12
2960,1669,15
2963,1670,15
2964,1671,10
2965,1672,10
2966,1676,9
2967,767,3
2968,1677,7
2969,1677,3
2970,1678,4
2971,1678,9
2972,1680,7
2973,1681,4
2974,1681,7
2975,1681,9
2977,1682,4
2978,1686,9
2979,1687,12
2980,1687,10
2981,1687,7
2982,1687,9
2983,1688,7
2984,1688,9
2985,1689,3
2986,1690,7
2987,1691,7
2988,1692,7
2989,1693,7
2990,983,15
2991,984,15
2992,986,15
2993,1006,15
2994,1007,9
2995,1111,8
2996,1145,8
2997,1694,6
2998,1694,14
2999,1694,4
3000,1695,7
3001,1695,17
3002,1696,7
3003,1697,7
3004,1698,7
3005,1699,7
3006,1700,7
3007,1701,7
3008,1702,7
3009,1703,7
3010,1704,7
3011,1705,6
3012,1705,4
3013,1706,6
3014,1706,4
3015,1707,7
3016,1685,7
3017,1708,7
3018,1709,10
3019,1709,7
3020,1710,7
3021,1710,9
3022,1711,7
3023,1711,9
3024,1712,7
3025,1712,9
3026,1717,7
3027,1717,9
3028,1718,7
3030,1719,9
3031,1720,7
3032,1720,9
3033,349,6
3034,351,6
3035,353,6
3036,358,6
3037,354,6
3038,362,6
3039,366,6
3040,615,6
3041,612,6
3042,610,6
3043,376,6
3044,378,6
3045,383,6
3046,381,6
3047,385,6
3048,386,6
3049,1469,8
3050,1474,7
3051,1480,8
3052,611,6
3053,757,6
3054,1550,7
3055,1608,4
3058,1721,15
3059,1722,8
3062,1724,7
3063,1724,9
3064,1725,7
3065,1725,9
3066,1726,7
3067,1726,9
3068,1727,6
3069,1727,14
3070,1727,4
3072,1728,7
3073,1728,9
3074,1729,7
3075,1729,9
3076,1730,7
3077,1730,9
3078,1731,10
3079,1732,12
3080,1733,7
3081,1733,9
3082,1734,7
3083,1734,9
3084,1735,12
3085,1736,7
3086,1736,9
3087,1737,10
3088,1737,8
3089,1738,10
3090,1738,8
3091,1739,10
3092,1739,8
3097,1741,6
3098,1741,14
3099,1741,4
3100,1741,20
3101,1742,10
3102,1743,6
3103,1743,4
3104,1744,20
3105,1744,6
3106,1744,14
3107,1744,4
3108,1744,8
3109,1743,20
3110,1743,14
3111,1745,9
3112,1746,12
3113,1747,7
3114,1747,9
3115,1748,6
3116,1748,4
3117,1748,20
3118,1748,14
3119,1749,10
3122,1750,15
3125,1751,15
3126,1752,9
3127,1753,7
3128,1754,10
3129,1755,7
3130,1755,9
3131,1756,7
3132,1756,9
3133,1757,7
3134,1757,9
3135,1758,10
3136,1759,10
3141,1761,7
3142,1761,9
3143,1762,4
3144,1763,12
3145,1764,10
3148,1768,9
3150,1770,19
3151,1770,4
3152,1770,3
3153,1770,9
3154,1771,4
3155,1772,4
3156,1773,7
3157,1773,9
3158,1774,7
3159,1774,9
3160,1775,9
3161,1776,8
3162,1777,10
3163,1777,7
3164,1778,10
3165,1778,7
3166,1779,8
3167,1780,10
3168,1780,7
3169,1781,8
3170,1782,12
3171,1782,8
3172,1783,7
3173,1783,9
3174,1784,12
3175,1784,8
3176,1785,12
3177,1785,8
3178,1786,12
3179,1786,8
3180,1787,8
3182,1788,15
3184,1789,15
3185,1790,7
3186,1791,10
3188,1792,15
3190,1794,4
3191,1795,8
3192,1796,10
3193,1797,10
3194,1797,8
3195,1798,7
3196,1798,8
3197,1799,4
3198,1799,6
3199,1799,14
3200,1799,20
3201,1800,4
3202,1801,7
3203,1802,7
3204,1803,7
3205,1804,7
3206,1805,7
3207,1806,4
3208,1807,8
3209,1808,10
3210,1808,8
3211,1809,20
3212,1809,6
3213,1809,14
3214,1809,4
3215,1810,20
3216,1810,6
3217,1810,14
3218,1810,4
3219,1811,20
3220,1811,6
3221,1811,14
3222,1811,4
3223,1812,20
3224,1812,6
3225,1812,14
3226,1812,4
3227,1813,12
3228,1814,20
3229,1814,6
3230,1814,14
3231,1814,4
3232,1815,12
3233,1816,4
3234,1817,6
3235,1818,6
3236,1819,4
3237,1821,10
3238,1821,8
3239,1822,7
3240,1823,7
3241,1824,6
3242,1824,4
3243,1824,20
3244,1824,14
3245,1825,6
3246,1825,4
3247,1825,20
3248,1825,14
3249,1826,8
3250,1827,8
3251,1828,10
3252,854,15
3253,1829,10
3254,1829,9
3255,1765,10
3256,1830,7
3257,1831,7
3258,1832,7
3259,1833,7
3260,1834,10
3261,1834,7
3262,1834,3
3263,1835,10
3264,1836,7
3265,1837,7
3266,1838,7
3267,1839,7
3268,1840,7
3269,1841,7
3270,1842,4
3271,1842,15
3272,1842,9
3273,1843,7
3274,1844,12
3275,1844,17
3276,1844,3
3277,747,15
3278,1241,15
3279,1845,6
3280,1845,8
3281,1846,12
3282,760,15
3283,1847,15
3284,706,15
3285,852,15
3286,1848,7
3287,1848,8
3288,1849,6
3289,1849,4
3290,1849,20
3291,1849,14
3292,743,15
3293,864,15
3294,1850,7
3295,1851,7
3296,1852,15
3297,1853,15
3298,1854,15
3299,1855,15
3300,1856,12
3301,1856,17
3302,1856,8
3303,1857,10
3304,1857,7
3305,1858,7
3306,1858,3
3307,1859,10
3309,1860,6
3310,1860,14
3311,1860,4
3312,1861,10
3313,1862,7
3314,1862,8
3315,1863,15
3316,1864,15
3317,1865,15
3318,1866,12
3319,920,15
3320,930,15
3321,1219,15
3322,1867,10
3323,1867,7
3324,1867,9
3325,1205,15
3326,731,15
3327,726,15
3328,1868,7
3329,1868,9
3330,735,15
3331,1869,12
3332,1869,3
3333,1870,10
3334,1870,7
3335,1871,10
3336,1871,7
3337,1872,10
3338,1872,7
3339,1873,10
3340,1873,3
3341,1874,7
3342,1874,3
3343,1875,7
3344,1875,3
3346,1876,6
3347,1876,14
3348,1876,4
3349,1876,8
3350,1877,4
3351,1877,6
3352,1877,14
3353,1877,20
3354,1878,7
3355,1878,3
3356,1879,3
3357,1879,16
3358,1879,9
3359,1880,10
3360,1880,7
3361,1881,7
3362,1882,15
3363,1883,10
3364,1884,7
3365,1884,3
3366,1885,6
3367,1885,7
3368,1886,10
3369,1886,4
3370,1887,15
3371,1888,9
3372,1889,10
3373,1889,4
3374,1890,4
3375,1891,4
3376,1893,9
3377,1894,4
3378,1895,4
3379,170,4
3380,173,7
3381,1896,7
3382,1897,10
3383,1897,3
3384,1898,7
3385,1898,9
3386,1899,12
3387,741,15
3388,863,15
3389,1240,15
3390,360,15
3391,1900,12
3392,1900,7
3393,1900,8
3394,1901,10
3395,1902,10
3396,1903,10
3397,1904,4
3398,1904,6
3399,1904,14
3400,1905,20
3401,1905,6
3402,1905,14
3403,1905,4
3404,1719,12
3405,1906,4
3406,1907,8
3407,1908,10
3408,1908,4
3409,1908,3
3410,1909,7
3411,1909,17
3412,1910,20
3413,1910,6
3414,1910,14
3415,1910,17
3416,1910,9
3417,1911,10
3418,1912,6
3419,1912,14
3420,1912,4
3421,1912,20
3422,1913,6
3423,1913,4
3424,1913,20
3425,1913,14
3426,1914,6
3427,1914,4
3428,1914,20
3429,1914,14
3430,1915,6
3431,1915,4
3432,1915,20
3433,1915,14
3434,1916,3
3435,1201,12
3436,1917,6
3437,1917,14
3438,1917,4
3439,1917,20
3440,1918,7
3441,1919,7
3442,1919,3
3443,1916,14
3445,1921,7
3446,1921,17
3447,1922,7
3448,1922,17
3449,1923,7
3450,1923,17
3451,1924,10
3452,1924,7
3453,1925,7
3454,1925,9
3455,1926,10
3456,1926,9
3457,1515,9
3458,1927,9
3459,1881,12
3460,1928,7
3461,1928,9
3462,1929,12
3463,1930,8
3464,1931,20
3465,1931,6
3466,1931,14
3467,1931,4
3468,805,8
3469,1479,17
3470,1932,9
3471,1933,4
3472,1933,20
3473,1933,6
3474,1933,14
3475,1934,10
3476,1934,17
3477,1935,6
3478,1935,4
3479,1936,6
3480,1936,14
3481,1936,4
3482,1937,6
3483,1937,14
3484,1937,4
3489,1939,4
3490,1939,15
3491,1939,9
3492,1940,7
3493,1940,9
3494,1941,7
3495,1941,9
3496,1942,7
3497,1942,9
3498,1943,4
3499,1944,7
3500,1944,9
3501,1945,7
3502,1386,7
3503,1946,9
3504,1947,9
3505,174,4
3506,171,4
3507,1948,7
3508,1948,9
3509,1949,10
3510,1949,7
3511,1950,10
3512,1950,8
3513,1951,10
3514,1951,3
3515,1952,7
3516,1952,17
3517,1953,14
3518,1953,10
3519,1953,3
3520,1954,7
3521,1954,8
3522,1955,10
3523,1955,4
3524,1955,17
3525,1956,7
3526,1956,8
3527,992,15
3530,1958,7
3531,1958,3
3532,1959,7
3533,1959,9
3534,1960,4
3535,1961,4
3536,1961,15
3537,1961,9
3538,1962,22
3539,1962,17
3540,1963,22
3541,1963,7
3542,1964,10
3543,1964,9
3544,1965,12
3545,1965,10
3546,1965,17
3548,1966,3
3549,1967,3
3550,1968,3
3551,1969,3
3552,1970,3
3553,1971,3
3554,1972,3
3555,1966,7
3556,1959,22
3557,1973,20
3558,1973,6
3559,1973,14
3560,1973,3
3561,1974,7
3562,1974,3
3563,1975,7
3564,1975,3
3565,1976,4
3566,1976,6
3567,1976,14
3568,1976,20
3569,1977,10
3570,1977,3
3571,1978,7
3572,1979,22
3573,1979,8
3574,1980,7
3575,1981,3
3576,1982,7
3577,1982,3
3578,1983,22
3579,1983,7
3580,1984,7
3582,1985,9
3583,1985,12
3584,1986,10
3585,1985,17
3586,1987,12
3587,1988,12
3588,405,12
3589,1989,10
3590,1990,10
3591,1989,7
3592,1989,9
3593,1354,7
3594,1477,7
3595,1991,8
3596,1991,9
3597,873,7
3598,1213,10
3599,874,7
3600,1546,10
3601,1296,7
3602,1992,10
3603,1992,4
3604,1993,7
3605,1993,9
3606,1994,9
3607,1995,8
3608,1996,12
3609,1996,8
3610,1997,8
3611,1154,9
3612,1998,7
3613,1999,9
3614,2000,9
3615,1366,9
3616,2001,9
3617,2002,9
3618,804,17
3619,1935,20
3620,1935,14
3621,2003,10
3622,2004,10
3623,2005,9
3624,2006,4
3625,2007,7
3626,2007,9
3627,2008,7
3628,2009,9
3629,2010,9
3630,2011,22
3631,2011,8
3632,2012,8
3633,1985,7
3634,2013,10
3635,2013,3
3636,2014,10
3637,2014,3
3638,2015,7
3639,2015,3
3640,2016,10
3641,2017,3
3642,2018,3
3643,2018,7
3644,2019,3
3645,2020,3
3646,2021,3
3647,2022,3
3648,2023,3
3649,2023,9
3650,91,3
3651,165,3
3652,2024,3
3653,2025,3
3654,2026,3
3655,575,12
3656,493,3
3657,2027,3
3658,101,3
3659,509,3
3660,2028,7
3661,2029,7
3662,2030,9
3663,2031,10
3664,2032,9
3665,2033,8
3666,2034,8
3667,2035,7
3668,2036,8
3669,2037,22
3670,2037,8
3679,2040,22
3680,2041,7
3681,2041,9
3682,2042,9
3683,2043,7
3684,2044,9
3685,510,3
3686,78,3
3687,205,3
3689,2046,3
3690,2047,8
3691,2048,3
3693,70,3
3694,2050,3
3695,2051,3
3696,2051,9
3697,44,7
3698,44,3
3699,2052,3
3701,2054,7
3702,2055,10
3703,2055,3
3704,2056,10
3705,2056,3
3706,2057,10
3707,2058,10
3708,2058,3
3709,2059,12
3710,2059,3
3711,2060,10
3712,2060,8
3713,2061,3
3714,2061,7
3715,2062,3
3716,2063,3
3717,2064,3
3718,2064,10
3719,2065,3
3720,126,10
3721,125,3
3722,2066,3
3723,2067,3
3724,2068,3
3725,2069,3
3726,2069,8
3727,2069,12
3728,2070,10
3729,2070,7
3730,2070,17
3732,2071,4
3733,2071,15
3734,2072,6
3735,2072,4
3736,2073,4
3737,2073,15
3738,2074,4
3739,2074,15
3740,2075,4
3743,2077,7
3744,2077,8
3745,2078,7
3746,2078,3
3747,2079,7
3748,2079,3
3749,2080,8
3750,2081,3
3751,2082,3
3752,2083,8
3753,2084,12
3754,2085,3
3755,2086,12
3756,2087,8
3757,2088,12
3758,2089,3
3759,2090,8
3760,2091,3
3761,2092,4
3762,2092,15
3763,2093,3
3764,2094,3
3765,2095,8
3766,2096,9
3767,2097,9
3768,1102,12
3769,671,12
3770,2098,9
3771,578,12
3772,578,7
3773,2099,7
3774,2100,8
3775,2101,10
3776,2102,9
3777,2103,8
3778,2104,8
3779,2105,8
3780,2106,8
3781,2107,22
3782,2108,10
3783,2108,7
3784,2109,4
3785,2109,7
3786,2110,9
3787,2111,6
3788,2111,4
3789,2111,20
3790,2111,14
3791,2112,6
3792,2112,4
3793,2112,20
3794,2112,14
3795,2040,7
3796,2113,7
3797,2113,9
3798,2114,10
3799,2114,8
3800,2114,9
3801,2115,10
3802,2116,10
3803,2117,10
3804,2117,4
3805,2118,10
3806,2118,3
3807,2119,10
3808,2120,12
3809,2120,17
3810,2121,22
3811,2122,22
3812,2122,7
3814,2123,6
3815,2123,14
3816,2123,4
3817,2124,6
3818,2124,14
3819,2124,4
3820,2124,20
3821,2125,10
3822,2125,4
3823,2126,22
3824,2127,22
3825,2128,7
3826,2128,9
3827,2129,6
3828,2129,4
3830,2129,20
3831,2129,14
3832,2130,4
3833,2130,20
3834,2130,6
3835,2130,14
3836,2131,4
3837,2131,20
3838,2131,6
3839,2131,14
3840,2132,8
3841,2133,8
3842,2134,8
3843,2135,8
3844,2136,12
3845,2136,8
3846,2137,22
3847,2137,8
3848,2138,8
3849,2139,8
3850,2140,8
3851,2141,8
3852,2142,8
3853,2143,8
3854,2144,8
3855,2145,8
3856,2146,8
3857,2147,8
3858,2148,10
3860,2149,3
3861,2150,8
3862,2151,8
3863,2152,8
3864,2153,8
3865,2154,8
3866,2155,8
3867,2156,8
3868,2157,8
3869,2158,8
3870,2159,8
3871,2160,8
3872,2161,8
3873,2162,8
3874,2163,8
3875,2164,8
3876,2165,4
3877,2166,4
3878,2167,4
3879,2167,7
3880,2168,4
3881,2168,7
3882,2169,4
3883,2170,4
3884,2170,7
3885,2171,7
3886,287,7
3887,287,3
3888,2172,10
3889,2172,7
3890,2173,7
3891,2173,3
3892,2174,7
3893,2175,7
3894,413,4
3895,2176,22
3896,2176,7
3897,2176,17
3898,39,20
3899,39,6
3900,39,14
3901,2177,10
3902,2178,10
3903,2179,10
3904,2180,10
3905,2180,3
3906,1353,7
3907,2181,7
3908,2181,3
3909,2182,3
3910,2183,10
3911,2183,3
3912,2184,10
3913,2185,10
3914,2186,10
3915,2186,3
3916,2187,10
3917,2187,3
3918,2188,10
3919,2188,7
3920,2189,10
3921,2189,3
3922,811,10
3923,811,3
3924,2190,10
3925,2190,7
3926,2191,10
3927,2192,10
3928,2192,4
3929,1626,7
3930,2193,4
3931,2194,4
3932,2195,4
3933,2196,7
3934,1766,6
3935,1767,6
3936,1769,6
3937,516,6
3938,2197,20
3939,2197,6
3940,2197,14
3941,2197,4
3942,2198,10
3943,2199,10
3944,2200,10
3945,2201,10
3946,2202,10
3947,2203,10
3948,1224,10
3949,2204,10
3950,2204,9
3951,2205,3
3952,2206,3
3953,2207,7
3954,2208,7
3955,2209,4
3957,2211,7
3958,2212,7
3959,2213,10
3960,2214,3
3961,2215,3
3962,2216,6
3963,2217,22
3964,2218,4
3965,2219,22
3966,2219,7
3967,2219,17
3968,2220,4
3969,2220,7
3970,2221,22
3971,2221,7
3972,2222,6
3973,2222,14
3974,2222,4
3975,2223,22
3976,2223,8
3977,2224,3
3978,2225,9
3979,2226,12
3980,2226,8
3981,2227,22
3982,2227,7
3983,2228,7
3984,2228,9
3985,2217,7
3986,2229,22
3987,2229,7
3988,2229,17
3989,2230,9
3990,2231,8
3992,2233,7
3993,2234,7
3994,2235,7
3995,2236,6
3996,2236,14
3997,2236,4
3998,2237,6
3999,2237,14
4000,2237,4
4001,2238,22
4002,2238,12
4003,2239,10
4004,2240,15
4006,2241,22
4007,2241,8
4008,2242,12
4009,2243,4
4010,2243,7
4011,2244,12
4012,2244,10
4013,2244,17
4014,2217,17
4015,1962,7
4016,2245,20
4017,2245,6
4018,2245,14
4019,2245,4
4020,2227,17
4021,2246,7
4022,2247,7
4023,2247,9
4024,2248,12
4025,2249,22
4026,2250,10
4027,2250,4
4028,2250,8
4029,2251,10
4030,2251,4
4031,2251,8
4032,999,20
4033,999,6
4034,999,14
4035,294,12
4036,2252,22
4037,10,7
4038,2253,7
4039,2254,7
4040,2255,7
4041,2256,7
4042,2257,7
4043,2258,4
4044,2259,4
4046,2261,4
4047,2262,6
4048,2263,7
4049,2264,6
4050,2265,6
4051,2266,7
4052,2266,9
4053,2267,7
4054,2268,4
4055,2269,4
4056,2270,10
4057,2271,4
4058,2272,7
4059,313,10
4060,2273,10
4061,2273,4
4062,2274,7
4063,2275,19
4064,387,4
4065,2276,6
4067,2278,7
4068,2279,15
4069,2280,7
4070,2281,4
4071,2282,4
4072,2283,10
4073,2283,4
4074,2284,4
4075,2285,7
4076,2286,7
4077,2287,7
4078,2288,15
4079,856,15
4080,2289,7
4082,2291,10
4083,2291,4
4084,2292,10
4085,2292,4
4086,2293,10
4087,2293,4
4088,2294,7
4089,2295,7
4090,2296,10
4091,2296,4
4092,2297,15
4093,2298,15
4094,2299,4
4096,2301,10
4097,2301,4
4098,2302,7
4099,2303,7
4100,2304,7
4101,2305,7
4102,2306,7
4103,2307,7
4104,2308,7
4105,2309,7
4106,2310,7
4107,2311,7
4108,2312,7
4109,2313,7
4110,2314,7
4111,2315,7
4112,2316,7
4113,2317,7
4114,2318,7
4115,2319,7
4116,2320,7
4117,2321,7
4118,2322,7
4119,2323,7
4120,2324,4
4121,2324,8
4122,2325,8
4123,2326,4
4124,2327,8
4125,2328,7
4126,2328,9
4127,2329,7
4128,2330,7
4129,2331,9
4130,2332,7
4131,2332,9
4132,1833,9
4133,2333,10
4134,2333,4
4135,1420,9
4136,1421,9
4137,1419,9
4138,2334,10
4139,2334,4
4140,2335,9
4141,2335,10
4142,2335,7
4143,2336,7
4144,2336,9
4145,2337,10
4146,2338,10
4147,2338,4
4148,2339,10
4149,2340,9
4150,2341,10
4151,2341,8
4152,711,7
4153,797,4
4154,2099,9
4155,2342,7
4156,2343,9
4157,2344,7
4158,2344,9
4159,2345,4
4160,2346,7
4161,2347,4
4162,2348,4
4163,2349,4
4164,2350,4
4165,2350,7
4166,2351,7
4167,2351,9
4168,2352,4
4169,2352,7
4170,2353,7
4171,2353,9
4172,2354,7
4173,2354,9
4174,2355,7
4175,2355,9
4176,41,6
4178,46,7
4179,2357,9
4180,2358,9
4181,2359,9
4182,2360,3
4183,2231,10
4184,2361,22
4185,2362,15
4187,2363,10
4188,2363,8
4189,2363,9
4190,2364,15
4192,2365,22
4193,2365,10
4194,2365,3
4195,2366,22
4196,2367,22
4197,2368,22
4198,2368,10
4199,2368,3
4200,2369,22
4201,2369,10
4202,2369,3
4203,2370,15
4205,2371,6
4206,2371,14
4207,2371,4
4208,2372,10
4209,2373,3
4210,2374,6
4211,2374,4
4212,2375,10
4213,2376,10
4214,2377,7
4215,2377,9
4216,2378,7
4217,2378,9
4218,2379,6
4219,2379,4
4220,2380,4
4221,2380,15
4222,2381,3
4223,2382,4
4224,2383,9
4225,2384,4
4226,2385,4
4227,2386,4
4228,2387,15
4229,2388,15
4231,2389,3
4232,2390,7
4233,2391,15
4234,2392,4
4235,2392,7
4236,2393,6
4237,2393,4
4238,2394,7
4239,2395,14
4240,2396,7
4241,2397,10
4242,2398,7
4243,2399,12
4244,2400,3
4245,2401,6
4246,1503,20
4247,2402,10
4248,2403,10
4249,2404,3
4250,2405,10
4251,2406,10
4252,2407,9
4253,2408,4
4254,2409,6
4255,2410,10
4256,2411,10
4257,2412,9
4258,2413,7
4259,2414,9
4260,2415,9
4261,2416,14
4262,2416,4
4263,2417,7
4264,2418,9
4265,2419,4
4266,2420,20
4267,2420,6
4268,2420,14
4269,2420,4
4270,2421,7
4271,2421,9
4272,2422,22
4273,2422,7
4274,2422,3
4275,2423,10
4276,2424,4
4277,2425,10
4278,2426,9
4279,2427,10
4280,2428,7
4281,135,3
4282,2429,4
4283,2430,4
4284,2430,7
4285,2431,4
4286,2432,10
4287,2433,10
4288,2434,10
4289,2435,10
4290,2436,10
4291,2437,10
4292,2438,10
4293,2439,10
4294,2440,10
4295,2440,4
4296,2441,22
4297,2441,9
4298,2442,22
4299,2442,7
4300,2442,17
4303,2445,3
4304,2446,20
4305,2446,6
4306,2446,14
4307,2446,4
4308,2447,20
4309,2447,6
4310,2447,14
4311,2447,4
4312,2448,3
4313,2449,3
4314,2450,7
4315,2450,3
4316,2451,3
4317,2452,3
4318,2453,3
4319,2366,7
4320,2454,15
4323,811,20
4324,811,6
4325,811,14
4326,2456,22
4327,2457,7
4328,2458,7
4329,2459,10
4330,2460,3
4332,2462,6
4335,2465,6
4336,2466,4
4337,2467,7
4338,2468,7
4339,2468,9
4340,2469,10
4341,2470,7
4342,2471,4
4344,2473,10
4345,2474,7
4346,2475,20
4347,2475,6
4348,2475,14
4349,2475,4
4350,1892,10
4351,2461,10
4352,2463,10
4353,2464,8
4354,2472,7
4355,2476,10
4356,2477,6
4357,2477,4
4358,2477,20
4359,2477,14
4360,2478,3
4361,2479,10
4362,2479,8
4363,2480,10
4364,2480,3
4365,2481,3
4366,2482,3
4367,2482,7
4370,2484,3
4371,2485,7
4372,2486,9
4373,2487,7
4374,2487,9
4375,2488,3
4376,2489,3
4377,2490,7
4378,2456,8
4379,2491,7
4380,2491,9
4381,2492,8
4382,2493,8
4383,2494,8
4384,2495,8
4385,2496,8
4386,2497,7
4387,2498,10
4388,2498,7
4389,2498,9
4390,2499,8
4391,2500,6
4392,2500,4
4393,2500,20
4394,2500,14
4395,2501,8
4396,2502,10
4397,430,10
4398,2503,7
4399,2503,3
4400,2504,8
4401,2505,8
4402,2506,8
4403,2507,8
4404,2508,10
4405,2509,8
4406,2510,8
4407,2511,8
4408,2512,8
4409,2513,8
4410,2514,8
4411,2515,8
4412,2516,8
4414,2518,8
4415,2519,8
4416,2520,8
4417,2521,8
4418,2522,8
4419,2523,4
4420,2523,8
4421,2525,9
4422,1909,22
4425,2527,7
4426,2527,9
4427,2528,9
4428,2529,9
4429,2530,9
4430,2531,9
4433,2533,4
4434,2534,15
4435,2535,8
4436,2536,9
4437,2537,9
4438,1603,22
4439,2538,9
4440,633,20
4441,633,6
4442,633,14
4443,2539,9
4444,1318,20
4445,1325,20
4446,1330,20
4447,1347,20
4448,1349,20
4449,1348,20
4450,385,20
4451,385,14
4453,361,15
4454,2540,7
4455,2540,8
4456,723,20
4457,723,14
4458,880,20
4459,880,14
4460,2541,9
4461,2542,9
4462,2543,9
4463,307,15
4464,308,15
4465,309,15
4466,311,15
4467,312,15
4468,331,15
4469,332,15
4470,333,15
4471,395,15
4472,763,20
4473,763,14
4474,829,20
4475,829,14
4476,438,15
4477,440,15
4478,441,15
4479,443,15
4480,1278,20
4481,1278,14
4482,444,15
4483,1567,20
4484,1567,6
4485,1567,14
4486,446,15
4487,607,15
4488,993,15
4489,257,15
4490,531,15
4491,845,20
4493,1920,15
4494,1380,20
4495,1202,15
4496,1183,15
4497,1184,15
4498,1185,15
4499,1186,15
4500,1187,15
4501,1188,15
4502,1189,15
4503,1190,15
4504,2545,7
4505,2394,22
4506,966,15
4507,965,15
4508,967,15
4509,968,15
4510,969,15
4511,970,15
4512,1288,20
4513,845,6
4514,2546,9
4515,2547,9
4516,2548,9
4517,2549,9
4520,833,15
4521,937,15
4522,940,15
4523,942,15
4524,943,15
4525,946,15
4526,950,15
4527,951,15
4528,952,15
4529,962,15
4530,972,15
4531,1363,15
4532,2551,22
4533,2551,10
4534,2552,22
4535,2552,7
4536,2552,17
4537,2553,7
4538,2553,9
4539,1204,15
4540,1037,15
4541,1047,15
4542,1057,15
4543,1058,15
4544,2300,15
4545,2260,15
4546,742,15
4547,820,15
4548,823,15
4549,825,15
4550,909,15
4551,913,15
4552,917,15
4553,926,15
4554,2554,10
4555,2554,3
4556,2228,22
4557,2555,9
4558,2556,9
4559,2557,9
4560,2558,9
4561,2559,7
4562,2560,7
4563,2560,17
4564,2561,10
4565,2561,9
4566,2562,7
4567,2563,22
4568,2563,7
4569,2563,17
4570,2564,9
4571,2565,9
4572,2566,9
4573,2567,9
4574,2568,9
4575,2569,9
4576,2570,9
4577,2571,7
4578,2571,9
4579,2572,12
4580,2573,12
4581,2574,7
4582,2575,7
4583,2575,9
4584,2576,12
4585,2576,17
4586,2577,22
4587,2577,7
4588,2578,9
4589,2579,9
4590,2580,9
4591,2581,22
4592,2581,10
4593,2581,3
4594,2582,6
4595,2582,14
4596,532,20
4597,532,6
4598,532,14
4599,2583,7
4600,2584,22
4601,2584,7
4602,2584,9
4603,2585,15
4604,2586,9
4605,2587,12
4606,2587,7
4607,2587,9
4608,685,14
4609,2588,10
4610,2588,8
4611,717,20
4612,717,14
4613,1381,20
4614,1381,6
4615,1381,14
4616,1381,4
4617,2589,9
4618,752,12
4619,1507,10
4620,1507,7
4621,2590,12
4622,1405,20
4623,2222,20
4624,2591,22
4625,2591,7
4626,2591,17
4627,1614,14
4628,2592,7
4629,2592,8
4630,2592,9
4631,724,20
4632,724,14
4633,2593,15
4634,2087,12
4635,1924,17
4636,2594,9
4637,2595,12
4638,2595,8
4639,2595,9
4640,2596,10
4641,2596,7
4642,2596,9
4643,801,20
4644,801,14
4645,2597,14
4646,2597,10
4647,2597,3
4648,2598,6
4649,2598,14
4650,2598,4
4651,2599,6
4652,2599,14
4653,2599,4
4654,2600,6
4655,2600,14
4656,2600,4
4657,2601,4
4658,2601,7
4659,2601,17
4660,2602,9
4661,2603,10
4662,2603,8
4663,2604,22
4664,2604,7
4665,2604,17
4666,2605,12
4667,2606,22
4668,2606,8
4669,2607,22
4670,2608,22
4671,2608,10
4672,2121,7
4673,2607,7
4674,2609,7
4675,2609,9
4676,2610,15
4677,362,20
4678,362,14
4679,2611,22
4680,2612,6
4681,2612,14
4682,2612,4
4683,2613,10
4684,2613,7
4685,2613,9
4686,2612,20
4687,2612,17
4688,2614,20
4689,2614,6
4690,2614,14
4691,2614,4
4692,2615,20
4693,2615,6
4694,2615,14
4695,2615,4
4696,2616,20
4697,2616,6
4698,2616,14
4699,2616,4
4700,2617,20
4701,2617,6
4702,2617,14
4703,2617,4
4704,2618,20
4705,2618,6
4706,2618,14
4707,2618,4
4708,2619,6
4709,2619,14
4710,2619,4
4711,2619,20
4712,2619,17
4713,2620,6
4714,2620,14
4715,2620,4
4716,2620,20
4717,2620,17
4718,2621,6
4719,2621,14
4720,2621,4
4721,2621,20
4722,2621,17
4723,2622,6
4724,2622,14
4725,2622,4
4726,2622,20
4727,2622,17
4728,2623,6
4729,2623,14
4730,2623,4
4731,2623,20
4732,2623,17
4733,2624,6
4734,2624,14
4735,2624,4
4736,2624,20
4737,2624,17
4738,2625,6
4739,2625,14
4740,2625,4
4741,2625,20
4742,2625,17
4743,2626,6
4744,2626,14
4745,2626,4
4746,2626,20
4747,2626,17
4748,2627,6
4749,2627,14
4750,2627,4
4751,2627,20
4752,2627,17
4753,2628,6
4754,2628,14
4755,2628,4
4757,2628,17
4758,2629,20
4759,2629,6
4760,2629,14
4761,2629,4
4762,2630,6
4763,2630,14
4764,2630,4
4765,2630,20
4766,2630,17
4767,2631,6
4768,2631,14
4769,2631,4
4770,2631,20
4771,2631,17
4772,2632,6
4773,2632,14
4774,2632,4
4775,2632,20
4776,2632,17
4777,2633,6
4778,2633,14
4779,2633,4
4780,2633,20
4781,2633,17
4782,2634,6
4783,2634,14
4784,2634,4
4785,2634,20
4786,2634,17
4787,2635,6
4788,2635,14
4789,2635,4
4790,2635,20
4791,2635,17
4792,2636,6
4793,2636,14
4794,2636,4
4795,2636,20
4796,2636,17
4797,2637,6
4798,2637,14
4799,2637,4
4800,2637,20
4801,2637,17
4802,2638,6
4803,2638,14
4804,2638,4
4805,2638,20
4806,2638,17
4807,2639,6
4808,2639,14
4809,2639,4
4810,2639,20
4811,2639,17
4812,2640,6
4813,2640,14
4814,2640,4
4815,2640,20
4816,2640,17
4817,2641,6
4818,2641,14
4819,2641,4
4820,2641,20
4821,2641,17
4822,2642,10
4823,2643,20
4824,2643,6
4825,2643,14
4826,2643,4
4827,2644,20
4828,2644,6
4829,2644,14
4830,2644,4
4831,2645,6
4832,2645,14
4833,2645,4
4834,2645,20
4835,2645,17
4836,2646,6
4837,2646,14
4838,2646,4
4839,2646,20
4840,2646,17
4841,2647,6
4842,2647,14
4843,2647,4
4844,2647,20
4845,2647,17
4846,2648,6
4847,2648,14
4848,2648,4
4849,2648,20
4850,2648,17
4851,2649,6
4852,2649,14
4853,2649,4
4854,2649,20
4855,2649,17
4856,2650,6
4857,2650,14
4858,2650,4
4859,2650,20
4860,2650,17
4861,2651,6
4862,2651,14
4863,2651,4
4864,2651,20
4865,2651,17
4866,2652,6
4867,2652,14
4868,2652,4
4869,2652,20
4870,2652,17
4871,2653,6
4872,2653,14
4873,2653,4
4874,2653,20
4875,2653,17
4876,2654,6
4877,2654,14
4878,2654,4
4879,2654,20
4880,2654,17
4881,2655,6
4882,2655,4
4883,2655,20
4884,2655,14
4885,2656,6
4886,2656,14
4887,2656,4
4888,2656,20
4889,2656,17
4890,2657,6
4891,2657,14
4892,2657,4
4893,2657,20
4894,2657,17
4895,2658,6
4896,2658,14
4897,2658,4
4898,2658,20
4899,2658,17
4900,2659,6
4901,2659,14
4902,2659,4
4903,2659,20
4904,2659,17
4905,2660,6
4906,2660,14
4907,2660,4
4908,2660,20
4909,2660,17
4910,2661,6
4911,2661,4
4913,2661,14
4914,2662,6
4915,2662,14
4916,2662,4
4917,2662,20
4918,2662,17
4919,2663,6
4920,2663,14
4921,2663,4
4922,2663,20
4923,2663,17
4924,2664,6
4925,2664,14
4926,2664,4
4927,2664,20
4928,2664,17
4929,2665,6
4930,2665,14
4931,2665,4
4933,2665,17
4934,2666,9
4935,2667,6
4936,2667,4
4937,2667,20
4938,2667,14
4939,2668,14
4940,1781,12
4941,2669,20
4942,2669,6
4943,2669,14
4944,2669,4
4945,2670,20
4946,2670,6
4947,2670,14
4948,2670,4
4949,2671,22
4950,2361,7
4951,2361,17
4952,2672,9
4953,2673,9
4954,2674,8
4955,2675,8
4956,2676,7
4957,2676,9
4958,2677,9
4959,2678,6
4960,2678,14
4961,2678,4
4962,2679,10
4963,2679,7
4964,2680,12
4965,2681,12
4966,2682,7
4967,2682,9
4968,2683,7
4969,2683,9
4970,2684,7
4971,2684,9
4972,2685,12
4973,2686,10
4974,2686,7
4975,2686,9
4976,2687,22
4977,2687,7
4978,2687,17
4979,2688,22
4980,2689,10
4981,2690,22
4982,2691,4
4984,2692,6
4985,2692,14
4986,2692,4
4988,2693,7
4989,2694,7
4990,2694,9
4991,1243,10
4992,1243,9
4993,2695,10
4994,2696,4
4995,2696,15
4996,2697,22
4997,2697,10
4998,2697,3
4999,652,10
5000,2698,4
5001,2698,15
5002,2699,7
5003,2700,6
5004,2700,4
5006,2700,14
5007,2701,6
5008,2701,4
5009,2701,20
5010,2701,14
5011,2702,14
5012,2702,10
5013,2703,4
5014,2704,22
5015,2705,7
5016,2705,17
5017,2706,15
5018,2707,22
5019,2708,9
5021,2710,10
5022,2710,8
5023,2711,22
5024,2712,15
5025,2713,12
5026,2713,7
5027,2714,9
5028,2715,22
5029,2716,7
5030,2716,9
5031,2717,20
5032,2717,6
5033,2717,14
5034,2717,4
5035,2718,15
5036,2719,7
5037,2720,15
5038,2721,15
5039,2722,15
5040,2723,15
5041,719,20
5042,719,14
5043,2724,22
5044,2725,4
5045,2726,10
5046,722,20
5047,722,14
5048,2727,22
5049,2727,4
5050,2675,22
5051,2675,10
5052,2675,9
5053,2728,22
5054,2729,22
5055,2730,9
5056,2731,12
5057,2732,22
5058,2733,12
5059,2734,14
5060,2735,14
5061,2735,7
5062,2736,7
5063,2736,9
5064,885,20
5065,885,14
5066,2737,10
5067,2737,7
5068,2738,20
5069,2738,6
5070,2738,14
5071,2738,10
5072,381,20
5073,381,14
5074,2739,7
5075,2739,9
5076,2740,22
5077,2740,10
5078,2740,3
5079,2741,10
5080,2742,15
5081,2743,15
5082,2744,6
5083,2744,14
5084,2744,4
5086,2745,4
5087,2745,17
5088,2745,9
5089,2746,6
5091,806,14
5092,2747,6
5093,2747,14
5094,2747,4
5096,2552,10
5097,2749,10
5098,2750,22
5099,2751,12
5100,2751,10
5101,2752,6
5102,2752,4
5103,2752,20
5104,2752,14
5105,2753,22
5106,2754,22
5107,2755,22
5108,2756,22
5109,2757,22
5110,2758,22
5111,2758,7
5112,2759,10
5113,2759,9
5114,2760,10
5115,2761,12
5116,2762,7
5117,2763,10
5118,2764,9
5119,2765,10
5120,2765,7
5121,2766,12
5122,2766,10
5123,2766,3
5124,2767,22
5125,2768,6
5126,2768,14
5127,2768,4
5129,2769,6
5130,2769,14
5131,2769,4
5132,2769,20
5133,2769,17
5134,2770,12
5135,2771,10
5136,1725,10
5137,2772,14
5138,2773,7
5139,2773,17
5140,2774,6
5141,2774,14
5142,2774,4
5145,2775,6
5146,2775,14
5147,2775,4
5148,2776,7
5149,2776,9
5150,2777,22
5151,2777,10
5152,2777,4
5153,2778,10
5154,2778,4
5155,2778,7
5156,2779,22
5157,2779,10
5158,2779,4
5159,2780,7
5160,2780,9
5161,2781,10
5162,2781,17
5163,2782,7
5164,2782,9
5165,2783,6
5166,2783,14
5167,2783,4
5168,2783,28
5169,2784,6
5170,2784,14
5171,2784,4
5172,2784,28
5173,2785,6
5174,2785,14
5175,2785,4
5176,2785,28
5177,2786,4
5178,2787,7
5179,2787,9
5180,2788,7
5181,2789,22
5182,2790,22
5183,2790,8
5184,2791,8
5185,2741,9
5186,382,15
5187,2792,7
5188,2792,8
5189,2793,7
5190,2794,22
5191,2795,7
5192,2796,15
5193,2797,9
5194,2798,7
5195,2798,9
5196,2799,7
5197,2799,9
5198,2800,7
5199,2800,9
5200,2801,7
5201,2802,7
5202,2803,7
5203,2803,9
5204,2804,22
5205,2804,7
5206,2805,6
5207,2805,4
5208,2806,6
5209,2806,14
5210,2806,4
5212,2806,17
5213,2806,28
5214,2807,22
5215,2807,8
5216,2808,6
5217,2808,14
5218,2808,4
5219,2808,17
5220,2808,28
5221,2809,6
5222,2809,14
5223,2809,4
5224,2809,17
5225,2809,28
5226,2810,6
5227,2810,14
5228,2810,4
5229,2810,17
5230,2810,28
5232,2812,8
5233,2813,22
5234,2814,14
5235,2814,8
5236,2815,6
5237,2815,14
5238,2815,4
5239,2815,28
5240,2816,6
5241,2816,8
5242,2817,7
5243,2817,9
5244,2818,12
5245,2819,12
5246,2820,12
5247,2821,7
5248,2821,9
5249,2822,22
5250,2822,7
5251,2823,6
5252,2823,28
5253,2823,14
5254,2824,6
5255,2824,28
5256,2824,14
5257,2825,6
5258,2825,14
5259,2825,4
5260,2825,28
5261,2826,6
5262,2826,14
5263,2826,4
5264,2826,28
5265,2827,6
5266,2827,14
5267,2827,4
5268,2827,28
5269,2828,4
5270,2829,22
5271,2830,22
5272,2831,6
5273,2831,14
5274,2831,4
5275,2831,17
5276,2831,28
5277,2832,6
5278,2832,14
5279,2832,4
5280,2832,17
5281,2832,28
5282,2833,15
5283,1334,28
5284,2834,17
5285,2834,3
5286,2835,22
5287,2835,12
5288,2835,8
5289,2836,7
5290,2837,7
5291,2748,7
5292,2748,9
5293,2838,22
5294,2838,10
5295,2838,9
5296,2839,7
5297,2839,9
5298,2840,6
5299,2840,14
5300,2840,4
5301,2840,17
5302,2840,28
5303,2841,4
5304,2841,7
5305,304,28
5306,2842,22
5307,2842,12
5308,2843,22
5309,2843,12
5310,2822,17
5311,2844,12
5312,2844,7
5313,2844,8
5314,2845,22
5315,2845,4
5316,2846,7
5317,2846,9
5318,2847,12
5319,2847,17
5320,2847,9
5321,2848,14
5322,2848,7
5323,2848,17
5324,2849,10
5325,2849,7
5326,2850,10
5327,2851,9
5328,2674,22
5329,2852,7
5330,2852,9
5331,2853,6
5332,2853,28
5333,2853,14
5334,2853,4
5335,2853,15
5336,2853,8
5337,581,10
5338,2854,3
5339,2855,6
5340,2856,22
5341,2856,3
5342,2857,22
5343,2857,7
5344,2857,3
5345,2858,22
5346,2858,7
5347,2858,3
5348,2859,10
5349,2860,6
5350,2860,14
5351,2860,4
5352,2860,17
5353,2860,28
5354,2861,22
5355,2861,7
5356,2862,6
5357,2862,14
5358,2862,4
5359,2863,6
5360,2863,14
5361,2863,4
5362,2863,28
5363,2864,12
5364,2865,12
5365,2866,22
5366,2866,7
5367,2867,22
5368,2867,3
5369,2868,6
5370,2868,28
5371,2868,14
5372,2868,4
5373,2869,12
5374,2870,6
5375,2870,14
5376,2870,4
5377,2870,28
5378,2871,6
5379,2871,14
5380,2871,4
5381,2871,28
5382,2872,6
5383,2872,14
5384,2872,4
5385,2872,28
5386,2873,6
5387,2873,14
5388,2873,4
5389,2873,28
5390,2874,10
5391,2875,7
5392,2875,9
5393,2876,10
5394,2876,7
5395,2877,7
5396,2877,9
5397,2878,7
5398,2878,9
5399,2879,7
5400,2879,9
5401,2880,7
5402,2880,9
5403,2881,7
5404,2881,9
5405,2882,8
5406,2883,10
5407,2883,7
5408,2884,22
5409,2884,7
5410,2885,22
5411,2886,12
5412,2887,12
5413,716,28
5414,716,14
5415,2888,10
5416,2888,7
5417,2889,7
5418,2889,9
5419,2890,6
5420,2890,14
5421,2890,4
5422,2890,17
5423,2890,28
5424,1156,28
5425,1156,14
5426,2891,12
5427,2892,22
5428,2893,22
5429,2894,22
5430,2895,22
5431,2896,12
5432,883,28
5433,883,14
5434,2897,10
5435,2898,7
5436,2898,17
5437,2899,6
5438,2899,14
5439,2899,10
5440,370,6
5441,370,28
5442,370,14
5443,2900,12
5444,2901,10
5445,2901,7
5446,2902,7
5447,2902,9
5448,2903,14
5449,1876,28
5450,2904,10
5451,2905,10
5452,2906,9
5453,2907,14
5454,2908,10
5455,2909,10
5456,2909,7
5457,2909,9
5458,2910,12
5459,2910,10
5460,2910,3
5461,2911,22
5462,2912,12
5463,2913,3
5464,2914,6
5465,2914,14
5466,2914,4
5467,2914,17
5468,2914,28
5469,2915,3
5471,2917,6
5472,2917,14
5473,2917,4
5474,2917,17
5475,2917,28
5476,2918,22
5477,2919,12
5478,2920,22
5479,2920,3
5480,2921,6
5481,2921,14
5482,2921,4
5483,2921,28
5484,2922,7
5485,2922,17
5486,2922,9
5487,2923,6
5488,2923,14
5489,2923,4
5490,2923,28
5491,2924,7
5492,2924,9
5493,2925,15
5494,2926,12
5495,2927,7
5496,2927,9
5497,2928,8
5498,2929,7
5499,2929,9
5501,2931,22
5502,2932,7
5503,2933,7
5504,2934,12
5505,2935,6
5506,2935,14
5507,2935,10
5508,2936,7
5509,2937,10
5510,2938,10
5511,2442,10
5512,2939,7
5513,1785,9
5514,2940,7
5515,2940,9
5516,2941,7
5517,2941,9
5518,621,12
5519,2942,22
5520,2943,7
5521,2944,22
5522,2944,10
5523,2944,7
5524,2945,10
5525,2946,6
5526,2946,28
5527,2946,14
5528,2946,4
5529,2947,6
5530,2947,28
5531,2947,14
5532,2947,4
5533,2948,6
5534,2948,28
5535,2948,14
5536,2948,4
5537,2949,7
5538,2949,17
5539,2950,12
5540,2951,27
5541,2951,7
5542,2951,9
5543,2952,10
5544,2953,10
5545,2954,10
5546,2955,22
5547,2955,10
5548,2955,3
5549,2956,6
5550,2956,28
5551,2956,14
5552,2957,15
5553,2958,19
5554,2958,7
5555,2958,17
5556,2959,22
5557,2960,12
5558,2961,12
5559,2962,6
5560,2962,14
5561,2962,4
5562,2962,28
5563,2963,10
5564,720,14
5565,2964,10
5566,2964,3
5567,2965,7
5568,2965,9
5569,2966,6
5570,2966,14
5571,2966,4
5572,2966,28
5573,2967,7
5574,2967,9
5575,254,14
5576,2968,10
5577,2969,12
5578,2970,7
5579,2970,9
5580,2971,22
5581,2972,7
5582,2973,10
5583,2973,8
5584,2974,7
5585,2974,10
5586,2975,7
5587,2975,10
5588,2976,7
5589,2976,10
5590,2977,7
5591,2978,12
5592,1136,28
5593,1136,14
5594,2979,10
5595,2979,8
5596,2912,9
5597,2980,7
5598,2980,9
5599,2981,8
5600,2982,10
5601,2983,9
5602,2912,10
5603,2984,22
5604,2984,7
5605,2984,17
5606,2985,7
5607,2985,9
5608,2986,7
5609,2986,9
5610,2987,10
5611,2987,7
5612,2988,6
5613,2988,14
5614,2988,4
5615,2988,28
5616,2989,6
5617,2989,14
5618,2989,4
5619,2989,28
5620,2990,6
5621,2990,14
5622,2990,4
5623,2990,28
5624,2991,12
5625,2992,6
5626,2992,14
5627,2992,4
5628,2993,4
5629,2994,6
5630,2994,14
5631,2994,4
5632,466,28
5633,466,14
5634,2995,12
5635,2996,22
5636,2997,7
5637,2997,9
5638,2998,10
5639,2998,4
5640,2999,7
5641,2999,9
5642,3000,6
5643,3000,14
5644,3000,4
5645,3001,6
5646,3001,14
5647,3001,4
5648,3002,6
5649,3002,14
5650,3002,4
5651,3003,22
5652,3004,7
5653,3004,9
5654,3005,6
5655,3005,4
5657,3005,14
5658,2992,28
5659,3006,6
5660,3006,4
5662,3006,14
5663,3007,4
5664,3007,7
5665,3008,22
5666,3008,10
5667,3008,9
5668,3009,22
5669,3009,7
5670,3010,15
5671,3011,22
5672,3012,22
5673,3013,4
5674,87,14
5675,3014,10
5676,3014,9
5677,3015,7
5678,3016,10
5679,3017,10
5680,3018,10
5681,3019,7
5682,3019,9
5683,3020,9
5684,3021,9
5685,3022,9
5686,3023,9
5687,3024,9
5688,3025,9
5689,3026,9
5690,3027,9
5691,3028,9
5692,3029,9
5693,3030,9
5694,3031,9
5695,3032,9
5696,3033,7
5697,3034,9
5698,3035,7
5699,3036,7
5700,3037,9
5701,3038,9
5702,3039,9
5703,3040,9
5704,3041,9
5705,3042,9
5706,3043,9
5707,3044,10
5708,3045,7
5709,3045,9
5710,3046,10
5711,3046,7
5712,3047,10
5713,3047,7
5714,3048,9
5715,3049,9
5716,3050,9
5717,3051,9
5718,3052,7
5719,3052,9
5720,3053,7
5721,1210,28
5722,1210,14
5723,3054,19
5724,3054,9
5725,3054,7
5726,3055,22
5727,3056,9
5728,3057,9
5729,3058,15
5730,3059,22
5731,3060,9
5732,3061,9
5733,3062,9
5734,2905,7
5735,3063,7
5736,3063,9
5737,2930,7
5738,2930,9
5739,3064,7
5740,3064,9
5741,3065,7
5742,3065,9
5743,3066,7
5744,3066,9
5745,3067,4
5746,3068,7
5747,3068,9
5748,3069,10
5749,3070,7
5750,3070,9
5751,1243,7
5752,3071,4
5754,3071,6
5755,3071,14
5756,3072,6
5757,3072,14
5758,3072,4
5759,3072,28
5760,3073,6
5761,3073,14
5762,3073,4
5763,3073,28
5764,3074,6
5765,3074,14
5766,3074,4
5767,3074,28
5768,3075,6
5769,3075,14
5770,3075,4
5771,3075,28
5772,3076,7
5773,3077,6
5774,3077,14
5775,3077,4
5776,3077,28
5777,3078,4
5778,3079,12
5779,3080,4
5780,3081,7
5781,3081,8
5782,3081,9
5783,3082,10
5784,3082,4
5785,3082,7
5786,3083,4
5787,3084,15
5788,3085,15
5789,3086,15
5790,3087,15
5791,3088,10
5792,3089,6
5793,3089,14
5794,3089,4
5795,3089,28
5796,3090,9
5797,3091,9
5798,3092,9
5799,3093,9
5800,3094,7
5801,3095,7
5802,3096,7
5803,3097,7
5804,3098,7
5805,3099,7
5806,3100,7
5807,3101,7
5808,3102,7
5809,3103,9
5810,3104,9
5811,3105,6
5812,3105,14
5813,3105,4
5814,3105,28
5815,3106,6
5816,3106,14
5817,3106,4
5818,3106,28
5819,2996,7
5820,2996,17
5821,3107,10
5822,3108,10
5823,2714,7
5824,3109,7
5825,3110,7
5826,3110,9
5827,3111,7
5828,3111,9
5829,3112,7
5830,3112,9
5831,3113,7
5832,3113,9
5833,3114,7
5834,3114,9
5835,3115,8
5836,3116,7
5837,3117,7
5838,3118,4
5839,3119,10
5840,3119,8
5841,3120,22
5842,2961,14
5843,3121,7
5844,3121,9
5845,3122,7
5846,3123,7
5847,3123,8
5848,3123,9
5849,3124,7
5850,3124,9
5851,3125,15
5852,3126,10
5853,3127,6
5854,3127,14
5855,3127,4
5856,3127,28
5857,3128,6
5858,3128,14
5859,3128,4
5860,3129,6
5861,3129,14
5862,3129,4
5863,3130,6
5864,3130,14
5865,3130,4
5866,3131,6
5867,3131,14
5868,3131,4
5869,3132,6
5870,3132,14
5871,3132,4
5872,3133,6
5873,3133,14
5874,3133,4
5875,3134,10
5876,3135,7
5877,3136,9
5878,3137,9
5879,3138,9
5880,3139,9
5881,3140,9
5882,3141,10
5883,3142,9
5884,3143,7
5885,3144,22
5886,3144,8
5887,3145,22
5888,3145,12
5889,3146,22
5890,3146,9
5891,3147,7
5892,3148,22
5893,3148,7
5894,3148,17
5895,3149,10
5896,3149,8
5897,3150,22
5898,3150,7
5899,2969,17
5900,3151,10
5901,2122,17
5902,3152,6
5903,3152,14
5904,3152,4
5905,3152,28
5906,3153,6
5907,3153,14
5908,3153,4
5909,3153,28
5910,3154,15
5911,375,6
5912,375,28
5913,375,14
5914,3155,6
5915,3155,14
5916,3155,4
5917,3155,28
5918,3156,15
5919,3157,6
5920,3157,14
5921,3157,4
5922,3157,28
5923,3158,7
5924,3159,7
5925,3159,9
5926,3160,9
5927,1706,28
5928,1706,14
5929,3161,7
5930,3078,6
5931,3078,28
5932,3078,14
5933,3162,12
5934,3162,10
5935,3162,8
5936,3163,10
5937,3164,6
5938,3164,28
5939,3164,14
5940,3165,15
5941,3166,10
5942,3167,9
5943,3168,9
5944,3169,12
5945,3170,9
5946,3171,9
5947,3172,9
5948,3173,9
5949,3174,10
5950,2777,17
5951,2734,17
5952,3175,10
5953,3176,10
5954,3177,10
5955,3178,7
5956,3178,9
5957,3147,17
5958,721,28
5959,721,14
5960,3179,22
5961,3180,22
5962,3181,10
5963,3181,8
5964,3182,9
5965,3183,9
5966,3184,9
5967,3185,9
5968,3186,9
5969,3187,9
5970,3188,9
5971,3189,9
5972,3190,12
5973,3191,10
5974,3192,17
5975,3063,17
5976,1868,17
5977,3193,6
5978,3193,14
5979,3193,4
5980,3193,28
5981,3194,7
5982,3195,6
5983,3195,14
5984,3195,4
5985,3195,28
5986,3196,22
5987,3196,7
5988,3197,22
5989,3197,7
5990,3198,22
5991,3198,7
5992,3199,22
5993,3199,7
5994,3200,22
5995,3200,7
5996,3201,22
5997,3201,7
5998,3202,22
5999,3202,7
6000,3203,6
6001,3203,14
6002,3203,4
6003,3203,28
6004,3204,6
6005,3204,14
6006,3204,4
6007,3204,28
6008,2886,7
6009,3205,10
6010,3205,3
6011,3206,14
6012,3206,17
6013,1782,17
6014,3207,6
6015,3208,22
6016,1267,6
6017,1267,28
6018,1267,14
6019,3209,12
6020,3210,7
6021,3210,9
6023,3211,7
6024,3211,9
6025,3212,10
6026,3212,7
6027,3213,7
6028,3214,9
6029,1550,22
6030,3215,6
6032,3215,14
6034,3216,6
6036,3216,14
6038,3217,6
6040,3217,14
6042,3218,10
6043,3218,9
6044,3219,15
6045,3215,28
6046,3217,28
6047,3216,28
6048,3220,7
6049,3220,9
6050,3221,10
6051,3221,7
6052,3222,6
6053,3222,14
6054,3223,6
6055,3223,14
6056,3224,6
6057,3224,14
6058,3225,6
6059,3225,14
6060,3226,9
6061,3227,15
6062,3228,6
6063,3228,14
6064,3228,4
6065,3229,6
6066,3229,14
6067,3229,4
6068,3230,6
6069,3230,14
6070,3230,4
6071,3231,6
6072,3231,14
6073,3231,4
6074,3232,6
6075,3232,14
6076,3232,4
6077,3233,6
6078,3233,14
6079,3233,4
6080,3234,22
6081,3234,7
6082,3234,17
6083,3235,10
6084,3236,9
6085,3237,7
6086,3238,7
6087,3238,17
6088,3239,6
6089,3239,14
6090,3239,4
6091,3240,6
6092,3240,28
6093,3240,14
6094,3240,4
6095,3241,9
6096,294,14
6097,3242,7
6098,3242,9
6099,3243,8
6100,3244,6
6101,3244,14
6102,3244,28
6103,3245,10
6104,3246,12
6105,3247,6
6106,3247,14
6107,3248,6
6108,3248,14
6109,3249,10
6110,3249,7
6111,3125,10
6112,3250,22
6113,3251,12
6114,3252,10
6115,3253,9
6116,3254,10
6117,3254,8
6118,3255,10
6119,3255,8
6120,3256,22
6121,3257,7
6122,3257,9
6123,3258,19
6124,3258,6
6125,3258,14
6126,3258,22
6127,3258,12
6128,3258,10
6129,3258,15
6130,3258,7
6131,3258,9
6132,3259,19
6133,3260,19
6134,3261,19
6135,3262,19
6136,3263,12
6137,3264,19
6138,3265,19
6139,3266,19
6140,3267,22
6141,3267,3
6142,3268,12
6143,3269,10
6144,3269,9
6145,3270,22
6146,3270,7
6147,3270,17
6148,3271,10
6149,2947,17
6150,3272,22
6151,3272,10
6152,3273,22
6153,3273,7
6154,3273,17
6155,3274,6
6156,3274,14
6157,3275,12
6158,3275,10
6159,3275,8
6160,3275,9
6161,3276,6
6162,3276,28
6163,3276,14
6164,2724,14
6165,3277,7
6166,3277,9
6167,3159,10
6168,3278,22
6169,3279,10
6170,3279,8
6171,3280,15
6172,3281,6
6173,3281,28
6174,3281,14
6175,3268,10
6176,3282,12
6177,3280,10
6178,3283,22
6179,3283,12
6180,3283,10
6181,3283,7
6182,3283,17
6183,3268,22
6184,3268,19
6185,3268,6
6186,3268,27
6187,3268,28
6188,3268,14
6189,3268,15
6190,3268,7
6191,3268,17
6192,3268,9
6193,3284,19
6194,3285,19
6195,1846,17
6196,3286,6
6197,3286,28
6198,3286,14
6199,1352,6
6200,600,17
6201,3003,12
6202,3287,10
6203,3287,7
6205,3288,6
6206,3288,14
6208,3288,28
6209,3289,4
6210,3290,3
6211,3291,10
6212,3292,7
6213,3292,3
6214,3293,7
6215,3293,8
6216,3294,19
6217,3169,14
6218,1128,28
6219,1128,14
6220,3295,7
6221,3295,9
6222,3296,10
6223,3296,7
6224,3297,22
6225,3297,7
6226,3298,10
6227,3299,7
6228,3300,6
6229,3300,14
6230,3300,10
6231,3301,14
6232,3301,4
6233,3301,7
6234,1481,19
6235,3302,19
6236,3124,10
6237,3303,6
6238,3303,28
6239,3303,14
6240,3304,10
6241,3304,4
6242,3305,4
6243,1108,28
6244,1108,14
6245,3306,12
6246,3307,6
6247,3307,28
6248,3307,14
6249,3308,10
6250,3308,7
6251,3309,6
6252,3309,28
6253,3309,14
6254,3310,6
6255,3310,14
6256,3310,28
6257,3311,7
6258,3311,9
6259,3312,7
6260,3312,9
6261,805,17
6262,653,17
6263,3313,7
6264,3314,7
6265,3314,17
6266,3315,7
6267,3315,17
6268,3316,7
6269,3316,17
6270,3317,7
6271,3317,17
6272,3318,7
6273,3318,17
6274,3319,7
6275,3319,17
6276,3320,7
6277,3320,17
6278,3321,7
6279,3321,17
6280,3322,7
6281,3322,17
6282,3323,7
6283,3323,17
6284,3324,7
6285,3324,17
6286,3325,7
6287,3325,17
6288,2812,17
6289,2834,10
6290,3326,6
6291,3326,14
6292,3326,28
6293,3327,7
6294,3328,7
6295,3329,14
6296,3330,7
6297,3331,22
6298,3332,22
6299,3333,6
6300,3333,14
6301,3333,28
6302,3334,6
6303,3334,14
6304,3334,28
6305,3335,22
6306,3335,7
6307,3335,17
6308,3336,22
6309,3337,22
6310,3338,6
6311,3338,14
6312,3338,28
6313,3339,6
6314,3339,14
6315,3339,28
6316,3340,6
6317,3340,14
6318,3340,28
6319,3341,6
6320,3341,14
6321,3341,28
6322,3342,6
6323,3342,14
6324,3342,28
6325,3343,6
6326,3343,14
6327,3343,28
6328,3344,22
6329,3345,10
6330,3346,6
6331,3346,14
6332,3347,6
6333,3347,14
6334,3348,22
6335,182,12
6336,3349,7
6337,3349,9
6338,3350,6
6339,3350,28
6340,3350,14
6341,3351,15
6342,3290,10
6343,3352,6
6344,3352,14
6345,3353,6
6346,3353,14
6347,3354,22
6348,3355,22
6349,3329,7
6350,3329,9
6351,3356,7
6352,3356,9
6353,3357,10
6354,3357,4
6355,3107,9
6356,3308,17
6357,3263,17
6358,2861,17
6359,3358,10
6360,1426,17
6361,3359,8
6362,3360,9
6363,2728,7
6364,3361,7
6365,3361,9
6366,3362,22
6367,3363,14
6368,3363,10
6369,3364,7
6370,3365,7
6371,3366,6
6372,3366,14
6373,3366,12
6374,3366,10
6375,3363,6
6376,3363,12
6377,3363,9
6378,3367,9
6379,3368,7
6380,3368,9
6381,3369,6
6382,3369,28
6383,3369,14
6384,3370,6
6385,3370,28
6386,3370,14
6387,3371,10
6388,3372,22
6389,3372,7
6390,3372,17
6391,3373,10
6392,3374,7
6393,3374,9
6395,3375,10
6396,3375,8
6397,3376,10
6398,3376,8
6399,3377,22
6400,3362,14
6401,3378,6
6402,3378,28
6403,3378,14
6404,3379,6
6405,3379,28
6406,3379,14
6407,3380,6
6408,3380,28
6409,3380,14
6410,2981,10
6411,3381,10
6412,3381,4
6413,3382,6
6414,3382,28
6415,3382,14
6416,3383,6
6417,3383,28
6418,3383,14
6419,3384,6
6420,3384,28
6421,3384,14
6422,3385,6
6423,3385,28
6424,3385,14
6425,3386,6
6426,3386,28
6427,3386,14
6428,3387,6
6429,3387,28
6430,3387,14
6431,3388,6
6432,3388,28
6433,3388,14
6434,3389,6
6435,3389,28
6436,3389,14
6437,3390,6
6438,3390,28
6439,3390,14
6440,3391,6
6441,3391,14
6442,3391,28
6443,3392,6
6444,3392,14
6445,3392,28
6448,3394,10
6449,3394,4
6450,3395,10
6451,3395,4
6452,3396,12
6453,3397,22
6454,3398,7
6455,3398,17
6456,3399,7
6457,3399,9
6458,3400,7
6459,3400,9
6460,3401,6
6461,3401,28
6462,3401,14
6463,3402,6
6464,3402,28
6465,3402,14
6466,3403,6
6467,3403,28
6468,3403,14
6469,3404,6
6470,3404,28
6471,3404,14
6472,3405,6
6473,3405,28
6474,3405,14
6475,3406,6
6476,3406,28
6477,3406,14
6478,3407,6
6479,3407,28
6480,3407,14
6481,3408,6
6482,3408,28
6483,3408,14
6484,3409,6
6485,3409,28
6486,3409,14
6487,3410,6
6488,3410,28
6489,3410,14
6490,3411,6
6491,3411,28
6492,3411,14
6493,3412,15
6494,3413,15
6495,3414,7
6496,3415,7
6497,3415,9
6498,3416,30
6499,3416,10
6500,3416,7
6501,3417,15
6502,3418,10
6503,3419,15
6504,3420,6
6505,3420,14
6506,3420,28
6507,3421,6
6508,3421,14
6509,3421,28
6510,3422,6
6511,3422,28
6512,3422,14
6513,3423,10
6514,3423,7
6515,3424,22
6516,1478,12
6518,3425,7
6519,3425,9
6520,3426,22
6521,3427,10
6522,3427,8
6523,3428,8
6524,3429,6
6525,3429,14
6526,3429,4
6527,3430,6
6528,3430,14
6529,3430,28
6530,3431,4
6531,3431,8
6532,3432,6
6533,3432,14
6534,3432,4
6535,3433,10
6536,3433,8
6537,3434,30
6538,3434,22
6539,3434,7
6540,3435,6
6541,3435,14
6542,3435,4
6543,3436,6
6544,3436,14
6545,3436,4
6546,3437,6
6547,3437,14
6548,3437,4
6549,3438,9
6550,3364,10
6551,2812,12
6552,3439,6
6553,3439,14
6554,3439,4
6555,3440,15
6556,3441,15
6557,2823,12
6558,3442,22
6559,3443,6
6560,3443,28
6561,3443,14
6562,3444,6
6563,3444,28
6564,3444,14
6565,3445,4
6566,3446,22
6567,3446,4
6568,3447,7
6569,3448,22
6571,3449,10
6572,3449,8
6573,3450,10
6574,3451,10
6575,3452,10
6576,3452,9
6577,3453,7
6578,3453,9
6579,3454,7
6580,3454,9
6581,3451,7
6582,3451,9
6583,3455,7
6584,3455,9
6585,3456,10
6586,3456,8
6587,3457,7
6588,3457,9
6589,3458,6
6590,3458,4
6591,3459,10
6592,3459,7
6593,3460,22
6594,3461,8
6595,3462,15
6596,3463,7
6597,3463,8
6598,3464,12
6599,3465,7
6600,3466,12
6601,3467,15
6602,3468,6
6603,3468,28
6604,3468,14
6605,3469,7
6606,3469,9
6607,3470,6
6608,3470,28
6609,3470,14
6610,3471,30
6611,3471,7
6612,3472,15
6613,3473,9
6614,3446,10
6615,3474,22
6616,3474,7
6617,3475,12
6618,3475,10
6619,3475,4
6620,3476,10
6621,3476,3
6622,3474,30
6623,3477,22
6624,3477,10
6625,3477,7
6626,3478,10
6627,3478,7
6628,3479,6
6629,3479,14
6630,3479,4
6631,1276,10
6632,3480,10
6633,3480,9
6634,3481,7
6635,3481,8
6636,3427,22
6637,3482,10
6638,3483,6
6639,3483,14
6640,3483,28
6641,3484,6
6642,3484,14
6643,3484,28
6644,3485,7
6645,3485,9
6646,3486,22
6647,3487,22
6648,3488,22
6649,3489,7
6650,3489,14
6651,3490,8
6652,3491,7
6653,3491,9
6654,3492,7
6655,3492,9
6656,3493,15
6657,3271,7
6658,3271,9
6659,3494,22
6660,3494,10
6661,3494,7
6662,3495,12
6663,3496,22
6664,3496,4
6665,3497,6
6666,3497,28
6667,3497,14
6668,3498,6
6669,3498,28
6670,3498,14
6671,3499,6
6672,3499,28
6673,3499,14
6674,3500,6
6675,3500,28
6676,3500,14
6678,3501,6
6679,3501,28
6680,3501,14
6681,3502,7
6682,3502,9
6683,3503,7
6684,3503,9
6685,3504,10
6686,3019,10
6687,3505,22
6688,3505,7
6689,3506,14
6690,3507,10
6691,3507,9
6692,3458,28
6693,3458,14
6694,3508,22
6695,3508,7
6696,3509,22
6697,3509,7
6698,3510,10
6699,3506,6
6700,3506,28
6701,804,28
6702,3511,28
6703,3512,28
6704,3513,7
6705,3513,9
6706,3514,28
6707,3515,8
6708,3516,28
6709,3517,19
6710,3518,22
6711,3519,6
6712,3519,28
6713,3519,14
6714,3520,15
6715,3521,15
6716,3522,15
6717,3523,15
6718,3524,15
6719,3525,10
6720,3525,3
6721,3526,6
6722,3526,14
6723,3526,28
6724,3527,7
6725,3527,9
6726,3528,7
6727,3528,9
6728,3529,7
6729,3529,9
6730,806,30
6731,3495,10
6732,1796,22
6733,1350,28
6734,3530,10
6735,3530,4
6736,3259,15
6737,3260,15
6738,3262,15
6739,1491,15
6740,3264,15
6741,3265,15
6742,3531,10
6743,2952,12
6744,3532,7
6745,3533,30
6746,3533,22
6748,3534,14
6749,2532,10
6750,2532,7
6751,3535,7
6752,3536,10
6753,804,12
6754,3537,6
6755,3537,28
6756,3537,14
6757,3165,10
6758,3538,12
6759,3538,10
6760,3539,6
6761,3539,14
6762,3539,28
6763,3540,22
6764,3540,8
6765,3266,15
6766,3541,7
6767,3541,9
6768,1388,28
6769,1388,14
6770,3285,15
6771,3284,15
6772,1251,14
6773,3542,10
6774,3543,7
6775,3544,3
6776,3544,9
6777,3545,6
6778,3545,28
6779,3545,14
6780,3546,6
6781,3546,28
6782,3546,14
6783,3302,15
6784,3547,6
6785,3547,14
6786,3547,28
6787,1586,12
6788,3548,7
6789,3531,12
6790,2661,28
6791,3549,7
6792,3549,9
6793,3393,7
6794,3393,9
6795,3550,10
6796,3551,6
6797,3551,14
6799,3551,28
6800,3552,7
6801,3553,10
6802,3554,10
6803,3555,7
6804,3556,7
6805,3556,9
6806,3557,9
6807,3558,12
6808,3559,6
6809,3559,14
6810,3559,28
6811,3560,22
6812,3560,3
6813,3561,7
6814,3561,9
6815,3562,10
6816,3563,9
6817,3564,9
6818,3565,9
6819,3566,7
6820,3566,9
6821,3567,6
6822,3567,14
6823,3567,28
6824,3568,14
6825,3568,7
6826,3569,4
6827,3569,15
6828,3570,7
6829,3570,9
6830,3571,7
6831,3571,9
6832,3572,9
6833,3572,7
6834,503,14
6835,3573,6
6836,3573,14
6837,3573,28
6838,3574,6
6839,3574,14
6840,3574,28
6841,3573,15
6842,3575,10
6843,3533,14
6844,3576,22
6845,3576,7
6846,3576,9
6847,1245,28
6848,1245,14
6849,3577,22
6850,3577,7
6851,3577,9
6852,3578,14
6853,3579,14
6854,3580,22
6855,3581,3
6856,3582,15
6857,3583,9
6858,3584,7
6859,3584,9
6860,3261,15
6861,3465,12
6862,3585,9
6863,3586,22
6864,3586,7
6865,3587,22
6866,3588,7
6867,3588,8
6868,3589,7
6869,3589,9
6870,3590,10
6871,3591,10
6872,3592,12
6873,3593,7
6874,3593,9
6875,878,28
6876,878,14
6877,3594,6
6878,3594,14
6879,3594,28
6880,3595,14
6881,3595,7
6882,3596,7
6883,3596,9
6884,3597,12
6885,3597,10
6886,3598,10
6887,3599,10
6888,3600,10
6889,3601,9
6890,3601,30
6891,3602,9
6892,3603,12
6893,3604,7
6894,3604,9
6895,3605,9
6896,3606,7
6897,3606,9
6898,3285,12
6899,3607,14
6901,3607,28
6902,3608,14
6903,3608,28
6904,3609,14
6905,3609,28
6906,3610,14
6907,3610,4
6908,3611,12
6909,3612,9
6910,3613,10
6911,3614,6
6912,3614,14
6913,3614,28
6914,3615,6
6915,3615,14
6916,3615,28
6917,3616,10
6918,3616,8
6919,3617,9
6920,3618,6
6921,3618,14
6922,3618,28
6923,3619,6
6924,3619,14
6925,3619,28
6926,3620,9
6927,1287,6
6928,1287,28
6929,1287,14
6930,3621,9
6931,3622,4
6932,3623,9
6933,3053,22
6934,3624,15
6935,3625,6
6936,3625,14
6937,3625,28
6938,3626,6
6939,3626,28
6940,3626,14
6941,3627,19
6942,3627,15
6943,3425,22
6944,3628,9
6945,3629,9
6946,3630,9
6947,3608,30
6948,1157,28
6949,1157,14
6950,3631,9
6951,3632,10
6952,3633,12
6953,3634,10
6954,3634,3
6955,3635,10
6956,3636,10
6957,3637,6
6958,3637,28
6959,3637,14
6960,3637,4
6961,3638,9
6962,3639,8
6963,3640,10
6964,3267,7
6965,3080,6
6966,3080,28
6967,3080,14
6968,3641,9
6969,3642,9
6970,3643,6
6971,3643,28
6972,3643,14
6973,3643,4
6974,3644,22
6975,3644,8
6976,3645,22
6977,3645,8
6978,3646,30
6979,3646,22
6980,3646,7
6981,3647,22
6982,3648,9
6983,688,12
6984,3649,10
6985,3649,7
6986,3650,10
6987,3650,7
6988,3651,14
6989,3652,10
6990,3653,10
6991,3654,6
6992,3654,14
6993,3654,28
6994,3655,6
6995,3655,14
6996,3655,28
6997,3656,6
6998,3656,14
6999,3656,28
7000,3657,6
7001,3657,14
7002,3657,28
7003,3658,6
7004,3658,28
7005,3658,14
7006,3659,6
7007,3659,28
7008,3659,14
7009,3660,6
7010,3660,28
7011,3660,14
7012,3661,6
7013,3661,28
7014,3661,14
7015,3662,6
7016,3662,28
7017,3662,14
7018,3663,6
7019,3663,28
7020,3663,14
7021,3664,6
7022,3664,28
7023,3664,14
7024,3665,6
7025,3665,14
7026,3665,28
7027,3666,6
7028,3666,14
7029,3666,28
7030,3667,12
7031,3667,10
7032,3668,10
7033,3668,8
7034,3669,12
7035,3669,7
7036,3670,7
7037,3670,9
7038,3671,14
